-- smazání všech záznamů z tabulek

CREATE or replace FUNCTION clean_tables() RETURNS void AS $$
declare
  l_stmt text;
begin
  select 'truncate ' || string_agg(format('%I.%I', schemaname, tablename) , ',')
    into l_stmt
  from pg_tables
  where schemaname in ('public');

  execute l_stmt || ' cascade';
end;
$$ LANGUAGE plpgsql;
select clean_tables();

-- reset sekvenci

CREATE or replace FUNCTION restart_sequences() RETURNS void AS $$
DECLARE
i TEXT;
BEGIN
 FOR i IN (SELECT column_default FROM information_schema.columns WHERE column_default SIMILAR TO 'nextval%')
  LOOP
         EXECUTE 'ALTER SEQUENCE'||' ' || substring(substring(i from '''[a-z_]*')from '[a-z_]+') || ' '||' RESTART 1;';
  END LOOP;
END $$ LANGUAGE plpgsql;
select restart_sequences();

-- smazání všech záznamů z tabulek





insert into aviacompany (id_company, company_name, headquarters, founding_date, fleet_size) values (1, 'Dazzlesphere', 'Chimbas', '1993-01-20 09:23:42', 224);
insert into aviacompany (id_company, company_name, headquarters, founding_date, fleet_size) values (2, 'Feedbug', 'Haeju', '1992-03-16 02:17:33', 264);
insert into aviacompany (id_company, company_name, headquarters, founding_date, fleet_size) values (3, 'Eidel', 'Mongar', '2003-07-02 06:23:29', 26);
insert into aviacompany (id_company, company_name, headquarters, founding_date, fleet_size) values (4, 'Mydo', 'Candi Prambanan', '1995-02-09 16:03:55', 19);
insert into aviacompany (id_company, company_name, headquarters, founding_date, fleet_size) values (5, 'Oodoo', 'Bloemfontein', '1970-05-16 13:32:58', 293);
insert into aviacompany (id_company, company_name, headquarters, founding_date, fleet_size) values (6, 'Gabtype', 'Tsukawaki', '2016-09-26 12:48:56', 87);
insert into aviacompany (id_company, company_name, headquarters, founding_date, fleet_size) values (7, 'Izio', 'Panalanoy', '2008-07-08 12:21:25', 294);
insert into aviacompany (id_company, company_name, headquarters, founding_date, fleet_size) values (8, 'Geba', 'Yajin', '1970-03-24 20:02:17', 109);
insert into aviacompany (id_company, company_name, headquarters, founding_date, fleet_size) values (9, 'Brainsphere', 'San Jerónimo', '2007-08-11 08:32:10', 147);
insert into aviacompany (id_company, company_name, headquarters, founding_date, fleet_size) values (10, 'Bluejam', 'Eenhana', '1994-12-04 17:17:12', 244);
insert into aviacompany (id_company, company_name, headquarters, founding_date, fleet_size) values (11, 'Wikizz', 'Villa Concepción del Tío', '1965-07-18 15:23:51', 214);
insert into aviacompany (id_company, company_name, headquarters, founding_date, fleet_size) values (12, 'Fanoodle', 'Roanoke', '2016-07-24 07:29:40', 240);
insert into aviacompany (id_company, company_name, headquarters, founding_date, fleet_size) values (13, 'Thoughtbeat', 'Yanwan', '2019-06-23 23:16:01', 205);
insert into aviacompany (id_company, company_name, headquarters, founding_date, fleet_size) values (14, 'Youopia', 'Svetogorsk', '2018-03-29 01:19:46', 196);
insert into aviacompany (id_company, company_name, headquarters, founding_date, fleet_size) values (15, 'Twimm', 'San Antonio', '2010-12-26 15:26:03', 173);
insert into aviacompany (id_company, company_name, headquarters, founding_date, fleet_size) values (16, 'Gigashots', 'Shenshan', '1990-12-28 21:42:25', 35);
insert into aviacompany (id_company, company_name, headquarters, founding_date, fleet_size) values (17, 'Zoombeat', 'Shangfang', '1971-05-03 13:22:18', 265);
insert into aviacompany (id_company, company_name, headquarters, founding_date, fleet_size) values (18, 'Dabfeed', 'Shawan', '2017-09-25 10:12:42', 46);
insert into aviacompany (id_company, company_name, headquarters, founding_date, fleet_size) values (19, 'Gigabox', 'Banxi', '2006-10-22 17:39:13', 34);
insert into aviacompany (id_company, company_name, headquarters, founding_date, fleet_size) values (20, 'Divape', 'Lebane', '2022-01-22 21:14:15', 161);
insert into aviacompany (id_company, company_name, headquarters, founding_date, fleet_size) values (21, 'Cogidoo', 'Ceerigaabo', '2012-07-12 23:11:23', 290);
insert into aviacompany (id_company, company_name, headquarters, founding_date, fleet_size) values (22, 'Agivu', 'Quỳ Châu', '1988-09-04 04:50:18', 110);
insert into aviacompany (id_company, company_name, headquarters, founding_date, fleet_size) values (23, 'Mymm', 'Oke Mesi', '1986-01-14 23:56:38', 291);
insert into aviacompany (id_company, company_name, headquarters, founding_date, fleet_size) values (24, 'Oba', 'Umeå', '1961-08-29 05:36:36', 194);
insert into aviacompany (id_company, company_name, headquarters, founding_date, fleet_size) values (25, 'Rhycero', 'Paraguaçu Paulista', '1974-05-17 09:41:51', 179);
insert into aviacompany (id_company, company_name, headquarters, founding_date, fleet_size) values (26, 'Feedspan', 'Paris 17', '1975-03-17 13:21:27', 10);
insert into aviacompany (id_company, company_name, headquarters, founding_date, fleet_size) values (27, 'Twimm', 'Naas', '2023-01-17 15:56:39', 129);
insert into aviacompany (id_company, company_name, headquarters, founding_date, fleet_size) values (28, 'Layo', 'Albany', '1998-11-28 23:38:28', 150);
insert into aviacompany (id_company, company_name, headquarters, founding_date, fleet_size) values (29, 'Leenti', 'Mesopotamía', '1987-02-08 20:39:05', 264);
insert into aviacompany (id_company, company_name, headquarters, founding_date, fleet_size) values (30, 'Viva', 'Simpang', '1967-04-23 23:08:01', 223);
insert into aviacompany (id_company, company_name, headquarters, founding_date, fleet_size) values (31, 'Skibox', 'Xinli', '1989-09-28 01:47:26', 8);
insert into aviacompany (id_company, company_name, headquarters, founding_date, fleet_size) values (32, 'Trilia', 'Woro', '1979-01-07 20:24:34', 244);
insert into aviacompany (id_company, company_name, headquarters, founding_date, fleet_size) values (33, 'Jabberbean', 'Wangjiang', '2010-05-27 08:56:18', 217);
insert into aviacompany (id_company, company_name, headquarters, founding_date, fleet_size) values (34, 'Bubbletube', 'Budapest', '1998-09-18 23:34:28', 221);
insert into aviacompany (id_company, company_name, headquarters, founding_date, fleet_size) values (35, 'Einti', 'San Carlos', '2022-02-13 08:49:49', 16);
insert into aviacompany (id_company, company_name, headquarters, founding_date, fleet_size) values (36, 'Vinder', 'Xo’jayli Shahri', '1962-01-14 04:02:35', 205);
insert into aviacompany (id_company, company_name, headquarters, founding_date, fleet_size) values (37, 'Dabfeed', 'Hamar', '1968-03-28 08:41:53', 114);
insert into aviacompany (id_company, company_name, headquarters, founding_date, fleet_size) values (38, 'Realmix', 'Nantou', '2016-04-14 00:32:06', 121);
insert into aviacompany (id_company, company_name, headquarters, founding_date, fleet_size) values (39, 'Yata', 'Mae Chan', '2009-12-05 16:09:27', 1);
insert into aviacompany (id_company, company_name, headquarters, founding_date, fleet_size) values (40, 'Flashdog', 'Las Sabanas', '2015-06-30 04:54:05', 174);
insert into aviacompany (id_company, company_name, headquarters, founding_date, fleet_size) values (41, 'Thoughtmix', 'El Plan', '2012-08-28 15:33:02', 4);
insert into aviacompany (id_company, company_name, headquarters, founding_date, fleet_size) values (42, 'Eire', 'Luodian', '1977-02-23 17:37:19', 113);
insert into aviacompany (id_company, company_name, headquarters, founding_date, fleet_size) values (43, 'Jaxbean', 'Jing’an', '1996-12-07 07:31:29', 114);
insert into aviacompany (id_company, company_name, headquarters, founding_date, fleet_size) values (44, 'Yamia', 'Hujiaba', '1981-01-21 13:31:22', 127);
insert into aviacompany (id_company, company_name, headquarters, founding_date, fleet_size) values (45, 'Voolith', 'Puhechang', '1993-01-06 02:03:48', 179);
insert into aviacompany (id_company, company_name, headquarters, founding_date, fleet_size) values (46, 'Bluezoom', 'Huzhou', '1994-10-08 02:35:33', 59);
insert into aviacompany (id_company, company_name, headquarters, founding_date, fleet_size) values (47, 'Gigabox', 'Granja', '2001-01-28 09:42:18', 118);
insert into aviacompany (id_company, company_name, headquarters, founding_date, fleet_size) values (48, 'Skimia', 'Louta', '1991-10-16 09:19:37', 49);
insert into aviacompany (id_company, company_name, headquarters, founding_date, fleet_size) values (49, 'Yakidoo', 'Yajin', '1976-11-21 14:11:40', 67);
insert into aviacompany (id_company, company_name, headquarters, founding_date, fleet_size) values (50, 'Zoonder', 'Krajan Satu', '2018-06-30 16:29:04', 160);
insert into aviacompany (id_company, company_name, headquarters, founding_date, fleet_size) values (51, 'BlogXS', 'Phra Yuen', '2005-11-03 02:29:10', 285);
insert into aviacompany (id_company, company_name, headquarters, founding_date, fleet_size) values (52, 'Jabbertype', 'Shangyuan', '1969-06-10 23:29:35', 89);
insert into aviacompany (id_company, company_name, headquarters, founding_date, fleet_size) values (53, 'Thoughtblab', 'Kramsk', '1992-04-12 01:34:19', 14);
insert into aviacompany (id_company, company_name, headquarters, founding_date, fleet_size) values (54, 'Bluezoom', 'Lelydorp', '1977-10-10 09:54:47', 32);
insert into aviacompany (id_company, company_name, headquarters, founding_date, fleet_size) values (55, 'Yakijo', 'Banjar Wates Tengah', '1979-08-03 05:28:19', 159);
insert into aviacompany (id_company, company_name, headquarters, founding_date, fleet_size) values (56, 'Demizz', 'La Guadalupe', '2011-03-23 16:27:39', 252);
insert into aviacompany (id_company, company_name, headquarters, founding_date, fleet_size) values (57, 'Bubblemix', 'Almafuerte', '2014-10-09 01:55:04', 149);
insert into aviacompany (id_company, company_name, headquarters, founding_date, fleet_size) values (58, 'Yata', 'Bicos', '1982-03-22 22:26:52', 268);
insert into aviacompany (id_company, company_name, headquarters, founding_date, fleet_size) values (59, 'Voonder', 'Saukkola', '2021-12-27 14:01:44', 59);
insert into aviacompany (id_company, company_name, headquarters, founding_date, fleet_size) values (60, 'Yodel', 'Chugay', '2016-02-17 07:49:27', 88);
insert into aviacompany (id_company, company_name, headquarters, founding_date, fleet_size) values (61, 'Eidel', 'Cova da Iria', '1968-10-16 22:32:53', 246);
insert into aviacompany (id_company, company_name, headquarters, founding_date, fleet_size) values (62, 'Skidoo', 'Liulihe', '1985-11-05 06:16:37', 146);
insert into aviacompany (id_company, company_name, headquarters, founding_date, fleet_size) values (63, 'Jabbersphere', 'Banjar Budakeling', '1991-11-29 17:54:12', 163);
insert into aviacompany (id_company, company_name, headquarters, founding_date, fleet_size) values (64, 'Kazio', 'München', '1989-07-25 07:13:37', 67);
insert into aviacompany (id_company, company_name, headquarters, founding_date, fleet_size) values (65, 'Mynte', 'Lille', '2010-04-10 02:16:45', 130);
insert into aviacompany (id_company, company_name, headquarters, founding_date, fleet_size) values (66, 'Gigazoom', 'Ryazanskiy', '1997-10-26 23:14:18', 276);
insert into aviacompany (id_company, company_name, headquarters, founding_date, fleet_size) values (67, 'Fivechat', 'Kiltamagh', '2004-04-06 21:07:03', 261);
insert into aviacompany (id_company, company_name, headquarters, founding_date, fleet_size) values (68, 'Oyondu', 'La Gi', '2006-10-16 02:30:37', 289);
insert into aviacompany (id_company, company_name, headquarters, founding_date, fleet_size) values (69, 'Thoughtbeat', 'Krajan Gading', '1978-07-06 14:53:42', 38);
insert into aviacompany (id_company, company_name, headquarters, founding_date, fleet_size) values (70, 'Latz', 'Manūjān', '1964-12-28 20:14:57', 143);
insert into aviacompany (id_company, company_name, headquarters, founding_date, fleet_size) values (71, 'Dabvine', 'Kalampáka', '1994-07-14 19:45:11', 16);
insert into aviacompany (id_company, company_name, headquarters, founding_date, fleet_size) values (72, 'BlogXS', 'Las Toscas', '2016-02-12 22:30:02', 80);
insert into aviacompany (id_company, company_name, headquarters, founding_date, fleet_size) values (73, 'Wordtune', 'Baipu', '2021-07-03 16:08:58', 264);
insert into aviacompany (id_company, company_name, headquarters, founding_date, fleet_size) values (74, 'Tagtune', 'Ikryanoye', '2000-04-27 16:43:04', 227);
insert into aviacompany (id_company, company_name, headquarters, founding_date, fleet_size) values (75, 'Pixoboo', 'Horlivka', '1969-07-24 06:46:56', 152);
insert into aviacompany (id_company, company_name, headquarters, founding_date, fleet_size) values (76, 'Tagpad', 'Sulbiny Górne', '1969-08-27 05:50:12', 135);
insert into aviacompany (id_company, company_name, headquarters, founding_date, fleet_size) values (77, 'Oloo', 'Wolmaransstad', '1978-11-30 15:57:03', 234);
insert into aviacompany (id_company, company_name, headquarters, founding_date, fleet_size) values (78, 'Oyondu', 'Basista', '2022-10-06 08:14:28', 192);
insert into aviacompany (id_company, company_name, headquarters, founding_date, fleet_size) values (79, 'Twitterbridge', 'La Loma', '1960-06-01 14:27:54', 118);
insert into aviacompany (id_company, company_name, headquarters, founding_date, fleet_size) values (80, 'Tagtune', 'Dongdu', '2004-06-27 14:22:07', 277);
insert into aviacompany (id_company, company_name, headquarters, founding_date, fleet_size) values (81, 'Yamia', 'Banes', '1987-07-13 19:05:57', 225);
insert into aviacompany (id_company, company_name, headquarters, founding_date, fleet_size) values (82, 'Feedfish', 'Espinal', '1964-03-18 20:29:32', 244);
insert into aviacompany (id_company, company_name, headquarters, founding_date, fleet_size) values (83, 'Eazzy', 'Palmeiros', '1983-02-12 00:47:54', 176);
insert into aviacompany (id_company, company_name, headquarters, founding_date, fleet_size) values (84, 'Devify', 'Feni', '1965-05-19 01:03:43', 80);
insert into aviacompany (id_company, company_name, headquarters, founding_date, fleet_size) values (85, 'Viva', 'Urungpigang', '2024-04-22 12:43:14', 14);
insert into aviacompany (id_company, company_name, headquarters, founding_date, fleet_size) values (86, 'Photobug', 'Laxou', '1983-01-11 18:59:26', 278);
insert into aviacompany (id_company, company_name, headquarters, founding_date, fleet_size) values (87, 'Flashset', 'Chambara', '1980-11-07 10:25:32', 33);
insert into aviacompany (id_company, company_name, headquarters, founding_date, fleet_size) values (88, 'Jabbersphere', 'Yangkang', '1996-03-19 06:14:18', 88);
insert into aviacompany (id_company, company_name, headquarters, founding_date, fleet_size) values (89, 'Skidoo', 'Dongyuan', '2001-12-18 16:06:36', 192);
insert into aviacompany (id_company, company_name, headquarters, founding_date, fleet_size) values (90, 'Eidel', 'Tehetu', '1979-07-26 04:11:24', 23);
insert into aviacompany (id_company, company_name, headquarters, founding_date, fleet_size) values (91, 'Camido', 'Ea T’ling', '2013-02-19 04:11:22', 288);
insert into aviacompany (id_company, company_name, headquarters, founding_date, fleet_size) values (92, 'Edgeblab', 'Yuyangguan', '1969-11-26 22:32:05', 121);
insert into aviacompany (id_company, company_name, headquarters, founding_date, fleet_size) values (93, 'Vimbo', 'Karabas', '1988-02-19 18:27:03', 216);
insert into aviacompany (id_company, company_name, headquarters, founding_date, fleet_size) values (94, 'Jetpulse', 'Huabu', '2006-08-16 17:55:25', 203);
insert into aviacompany (id_company, company_name, headquarters, founding_date, fleet_size) values (95, 'Brainverse', 'Sawahan', '2000-05-11 04:17:14', 236);
insert into aviacompany (id_company, company_name, headquarters, founding_date, fleet_size) values (96, 'Rhyloo', 'Oqtosh', '2010-03-27 18:53:11', 293);
insert into aviacompany (id_company, company_name, headquarters, founding_date, fleet_size) values (97, 'Lazz', 'Naran Bulag', '2023-02-07 08:17:25', 95);
insert into aviacompany (id_company, company_name, headquarters, founding_date, fleet_size) values (98, 'Kaymbo', 'Banjarbaru', '1971-02-15 22:26:00', 263);
insert into aviacompany (id_company, company_name, headquarters, founding_date, fleet_size) values (99, 'Izio', 'Amboasary', '2023-04-24 02:05:36', 43);
insert into aviacompany (id_company, company_name, headquarters, founding_date, fleet_size) values (100, 'Zava', 'Lidköping', '1989-05-01 01:02:23', 212);
select setval(pg_get_serial_sequence('aviacompany','id_company'),100);








insert into employee (id_employee, id_company, full_name, position, hire_date, salary) values (1, 1, 'Linnet Dimitrescu', 'Recruiting Manager', '7/26/1981', 3398);
insert into employee (id_employee, id_company, full_name, position, hire_date, salary) values (2, null, 'Ingamar Antrum', 'Food Chemist', '6/5/1983', 1885);
insert into employee (id_employee, id_company, full_name, position, hire_date, salary) values (3, 3, 'Gael Reddyhoff', 'Accountant I', '9/3/1962', 6243);
insert into employee (id_employee, id_company, full_name, position, hire_date, salary) values (4, 4, 'Janot Doxey', 'Paralegal', '7/19/1967', 3172);
insert into employee (id_employee, id_company, full_name, position, hire_date, salary) values (5, 5, 'Rhianna Greneham', 'Structural Analysis Engineer', '9/2/1985', 9295);
insert into employee (id_employee, id_company, full_name, position, hire_date, salary) values (6, 6, 'Lea Beardall', 'Research Assistant I', '9/4/1991', 8039);
insert into employee (id_employee, id_company, full_name, position, hire_date, salary) values (7, 7, 'Ingemar Toxell', 'Geologist II', '5/27/1974', 827);
insert into employee (id_employee, id_company, full_name, position, hire_date, salary) values (8, 8, 'Solly Longworth', 'Research Nurse', '2/20/1993', 9714);
insert into employee (id_employee, id_company, full_name, position, hire_date, salary) values (9, 9, 'Heywood Parmley', 'Actuary', '2/6/1981', 553);
insert into employee (id_employee, id_company, full_name, position, hire_date, salary) values (10, 10, 'Dolf Pedracci', 'Pharmacist', '4/4/2007', 8436);
insert into employee (id_employee, id_company, full_name, position, hire_date, salary) values (11, 11, 'Aubrey Drache', 'Marketing Manager', '10/15/1991', 6711);
insert into employee (id_employee, id_company, full_name, position, hire_date, salary) values (12, 12, 'Xena Yven', 'Programmer Analyst I', '6/22/1975', 9834);
insert into employee (id_employee, id_company, full_name, position, hire_date, salary) values (13, 13, 'Thaddeus Romme', 'Quality Control Specialist', '5/17/1964', 3774);
insert into employee (id_employee, id_company, full_name, position, hire_date, salary) values (14, 14, 'Janaye Haffard', 'Research Assistant III', '1/8/1989', 9741);
insert into employee (id_employee, id_company, full_name, position, hire_date, salary) values (15, null, 'Marita Giacopazzi', 'Senior Financial Analyst', '7/14/1999', 9889);
insert into employee (id_employee, id_company, full_name, position, hire_date, salary) values (16, 16, 'Crystie Rickford', 'Help Desk Operator', '1/26/1977', 7954);
insert into employee (id_employee, id_company, full_name, position, hire_date, salary) values (17, 17, 'Krystyna Brim', 'Account Representative II', '8/3/1997', 1012);
insert into employee (id_employee, id_company, full_name, position, hire_date, salary) values (18, 18, 'Karlik Dorot', 'Mechanical Systems Engineer', '4/29/1991', 4893);
insert into employee (id_employee, id_company, full_name, position, hire_date, salary) values (19, 19, 'Monroe Kas', 'Tax Accountant', '8/4/1991', 8150);
insert into employee (id_employee, id_company, full_name, position, hire_date, salary) values (20, 20, 'Madelon Burgen', 'Graphic Designer', '4/23/1986', 6557);
insert into employee (id_employee, id_company, full_name, position, hire_date, salary) values (21, 21, 'Mort Greader', 'Nuclear Power Engineer', '12/27/2023', 4730);
insert into employee (id_employee, id_company, full_name, position, hire_date, salary) values (22, 22, 'Brendon Luckings', 'Mechanical Systems Engineer', '5/27/2010', 6683);
insert into employee (id_employee, id_company, full_name, position, hire_date, salary) values (23, 23, 'Reuven Enterle', 'Environmental Specialist', '9/9/1985', 8844);
insert into employee (id_employee, id_company, full_name, position, hire_date, salary) values (24, 24, 'Terrye Safhill', 'Director of Sales', '12/8/1962', 409);
insert into employee (id_employee, id_company, full_name, position, hire_date, salary) values (25, 25, 'Karlyn Hathaway', 'Information Systems Manager', '2/13/1985', 4789);
insert into employee (id_employee, id_company, full_name, position, hire_date, salary) values (26, 26, 'Seline Atmore', 'Technical Writer', '12/28/2008', 5296);
insert into employee (id_employee, id_company, full_name, position, hire_date, salary) values (27, null, 'Jerad Daleman', 'Research Nurse', '12/12/2007', 5528);
insert into employee (id_employee, id_company, full_name, position, hire_date, salary) values (28, 28, 'Pattie Jovicevic', 'Engineer III', '4/15/1967', 7462);
insert into employee (id_employee, id_company, full_name, position, hire_date, salary) values (29, 29, 'Mortimer Pavlov', 'Nurse Practicioner', '10/4/2019', 7084);
insert into employee (id_employee, id_company, full_name, position, hire_date, salary) values (30, 30, 'Brietta Dennerly', 'Quality Control Specialist', '8/15/1984', 9469);
insert into employee (id_employee, id_company, full_name, position, hire_date, salary) values (31, 31, 'Halsy Grinaugh', 'VP Quality Control', '6/10/1973', 8786);
insert into employee (id_employee, id_company, full_name, position, hire_date, salary) values (32, 32, 'Norby Aleixo', 'Compensation Analyst', '12/9/1967', 1322);
insert into employee (id_employee, id_company, full_name, position, hire_date, salary) values (33, 33, 'Ronnie Rackam', 'Software Test Engineer II', '11/7/1967', 8014);
insert into employee (id_employee, id_company, full_name, position, hire_date, salary) values (34, 34, 'Thorn Brayford', 'Paralegal', '12/31/2017', 6017);
insert into employee (id_employee, id_company, full_name, position, hire_date, salary) values (35, 35, 'Anatola Wadlow', 'Engineer IV', '7/14/1961', 8299);
insert into employee (id_employee, id_company, full_name, position, hire_date, salary) values (36, 36, 'Amargo Alker', 'Help Desk Operator', '6/27/1960', 3359);
insert into employee (id_employee, id_company, full_name, position, hire_date, salary) values (37, 37, 'Chaddy Heber', 'Executive Secretary', '3/13/2000', 195);
insert into employee (id_employee, id_company, full_name, position, hire_date, salary) values (38, 38, 'Simonette Ivie', 'Operator', '5/18/1988', 7056);
insert into employee (id_employee, id_company, full_name, position, hire_date, salary) values (39, 39, 'Zackariah Rodnight', 'Automation Specialist IV', '9/20/2019', 1238);
insert into employee (id_employee, id_company, full_name, position, hire_date, salary) values (40, 40, 'Sella Kippin', 'Nurse', '8/7/1996', 7353);
insert into employee (id_employee, id_company, full_name, position, hire_date, salary) values (41, 41, 'Mona Lamb', 'Marketing Manager', '8/11/2011', 4980);
insert into employee (id_employee, id_company, full_name, position, hire_date, salary) values (42, 42, 'Leigh Ander', 'General Manager', '11/15/1981', 5697);
insert into employee (id_employee, id_company, full_name, position, hire_date, salary) values (43, 43, 'Ethelin Stobart', 'Automation Specialist IV', '6/8/1976', 5590);
insert into employee (id_employee, id_company, full_name, position, hire_date, salary) values (44, 44, 'Bent Tomsa', 'Engineer III', '4/29/2021', 1423);
insert into employee (id_employee, id_company, full_name, position, hire_date, salary) values (45, 45, 'Ivie Meikle', 'Engineer I', '9/17/1976', 3788);
insert into employee (id_employee, id_company, full_name, position, hire_date, salary) values (46, 46, 'Kathi Texton', 'VP Accounting', '4/26/2015', 4074);
insert into employee (id_employee, id_company, full_name, position, hire_date, salary) values (47, 47, 'Danica Butland', 'Operator', '8/1/1972', 6693);
insert into employee (id_employee, id_company, full_name, position, hire_date, salary) values (48, 48, 'Siobhan Blinco', 'Electrical Engineer', '7/11/1963', 9621);
insert into employee (id_employee, id_company, full_name, position, hire_date, salary) values (49, 49, 'Karlene Quarrington', 'Account Executive', '6/27/1984', 1965);
insert into employee (id_employee, id_company, full_name, position, hire_date, salary) values (50, 50, 'Dewain Trinke', 'Director of Sales', '5/23/2016', 7485);
insert into employee (id_employee, id_company, full_name, position, hire_date, salary) values (51, 51, 'Blondie MacKeig', 'Structural Engineer', '6/12/1978', 558);
insert into employee (id_employee, id_company, full_name, position, hire_date, salary) values (52, null, 'Christoph Tocher', 'Information Systems Manager', '9/17/1968', 719);
insert into employee (id_employee, id_company, full_name, position, hire_date, salary) values (53, 53, 'Ariana Fordham', 'Executive Secretary', '3/30/2003', 9787);
insert into employee (id_employee, id_company, full_name, position, hire_date, salary) values (54, 54, 'Drake Bloxsum', 'Research Nurse', '10/27/1983', 6158);
insert into employee (id_employee, id_company, full_name, position, hire_date, salary) values (55, 55, 'Diane Goodlatt', 'Graphic Designer', '11/28/1978', 762);
insert into employee (id_employee, id_company, full_name, position, hire_date, salary) values (56, 56, 'Tomasine Lundbeck', 'Community Outreach Specialist', '6/8/1997', 3406);
insert into employee (id_employee, id_company, full_name, position, hire_date, salary) values (57, 57, 'Bibbie Laffling', 'Actuary', '8/6/1985', 9642);
insert into employee (id_employee, id_company, full_name, position, hire_date, salary) values (58, 58, 'Madelina Ainscough', 'Editor', '6/26/1994', 6079);
insert into employee (id_employee, id_company, full_name, position, hire_date, salary) values (59, null, 'Culley Wordsworth', 'Speech Pathologist', '7/16/2005', 3716);
insert into employee (id_employee, id_company, full_name, position, hire_date, salary) values (60, null, 'Samantha Fludder', 'Design Engineer', '9/8/1998', 3048);
insert into employee (id_employee, id_company, full_name, position, hire_date, salary) values (61, 61, 'Geoffrey Brandon', 'Marketing Manager', '1/26/1977', 8934);
insert into employee (id_employee, id_company, full_name, position, hire_date, salary) values (62, 62, 'Xena Dallemore', 'Civil Engineer', '11/26/2017', 1434);
insert into employee (id_employee, id_company, full_name, position, hire_date, salary) values (63, 63, 'Florencia Dacks', 'Analog Circuit Design manager', '6/19/1978', 352);
insert into employee (id_employee, id_company, full_name, position, hire_date, salary) values (64, 64, 'Beltran Worland', 'Assistant Media Planner', '11/24/1963', 3750);
insert into employee (id_employee, id_company, full_name, position, hire_date, salary) values (65, 65, 'Beret Mazey', 'Automation Specialist III', '11/16/1962', 2556);
insert into employee (id_employee, id_company, full_name, position, hire_date, salary) values (66, 66, 'Clarita de Merida', 'Senior Editor', '8/14/1999', 643);
insert into employee (id_employee, id_company, full_name, position, hire_date, salary) values (67, 67, 'Fannie Spinige', 'Media Manager III', '1/23/1981', 3637);
insert into employee (id_employee, id_company, full_name, position, hire_date, salary) values (68, 68, 'Katie Heitz', 'Information Systems Manager', '5/16/2006', 5944);
insert into employee (id_employee, id_company, full_name, position, hire_date, salary) values (69, 69, 'Basil Downs', 'Office Assistant IV', '9/12/2007', 5616);
insert into employee (id_employee, id_company, full_name, position, hire_date, salary) values (70, 70, 'Abba Ambresin', 'VP Accounting', '4/18/1987', 9111);
insert into employee (id_employee, id_company, full_name, position, hire_date, salary) values (71, 71, 'Jamima Vell', 'Administrative Assistant II', '4/13/2021', 5570);
insert into employee (id_employee, id_company, full_name, position, hire_date, salary) values (72, 72, 'Arlina Leece', 'Account Executive', '10/27/2014', 4769);
insert into employee (id_employee, id_company, full_name, position, hire_date, salary) values (73, null, 'Barbara Eames', 'Nurse', '2/23/2016', 9119);
insert into employee (id_employee, id_company, full_name, position, hire_date, salary) values (74, 74, 'Clifford Balasin', 'Pharmacist', '9/5/1974', 9841);
insert into employee (id_employee, id_company, full_name, position, hire_date, salary) values (75, null, 'Merle Werrit', 'Health Coach IV', '11/26/2006', 5278);
insert into employee (id_employee, id_company, full_name, position, hire_date, salary) values (76, 76, 'Peirce Elmes', 'Paralegal', '6/3/1974', 2391);
insert into employee (id_employee, id_company, full_name, position, hire_date, salary) values (77, 77, 'Rouvin Eglinton', 'Teacher', '1/8/1995', 9956);
insert into employee (id_employee, id_company, full_name, position, hire_date, salary) values (78, 78, 'Jarrod Pablos', 'Electrical Engineer', '10/27/1969', 5785);
insert into employee (id_employee, id_company, full_name, position, hire_date, salary) values (79, 79, 'Murielle Sigge', 'Assistant Professor', '12/10/2013', 9409);
insert into employee (id_employee, id_company, full_name, position, hire_date, salary) values (80, null, 'Peder Weale', 'Automation Specialist IV', '2/21/1989', 1690);
insert into employee (id_employee, id_company, full_name, position, hire_date, salary) values (81, 81, 'Georgetta Burkert', 'VP Quality Control', '2/11/1965', 5056);
insert into employee (id_employee, id_company, full_name, position, hire_date, salary) values (82, 82, 'Hamlen Deekes', 'Research Associate', '2/3/2007', 2815);
insert into employee (id_employee, id_company, full_name, position, hire_date, salary) values (83, 83, 'Ronald Soeiro', 'Electrical Engineer', '9/7/1998', 5685);
insert into employee (id_employee, id_company, full_name, position, hire_date, salary) values (84, null, 'Goldina Vlach', 'Quality Control Specialist', '2/28/1963', 9486);
insert into employee (id_employee, id_company, full_name, position, hire_date, salary) values (85, 85, 'Avictor O''Beirne', 'Professor', '2/26/2007', 2745);
insert into employee (id_employee, id_company, full_name, position, hire_date, salary) values (86, 86, 'Merwyn Fonso', 'Cost Accountant', '3/19/2020', 5330);
insert into employee (id_employee, id_company, full_name, position, hire_date, salary) values (87, 87, 'Simone Bouldstridge', 'Geological Engineer', '10/29/1972', 7553);
insert into employee (id_employee, id_company, full_name, position, hire_date, salary) values (88, 88, 'Morgun Mordan', 'Programmer II', '4/19/2006', 8576);
insert into employee (id_employee, id_company, full_name, position, hire_date, salary) values (89, 89, 'Stefa Brislen', 'Director of Sales', '9/25/2006', 6772);
insert into employee (id_employee, id_company, full_name, position, hire_date, salary) values (90, 90, 'Caroline McHarry', 'Media Manager IV', '9/15/1977', 8314);
insert into employee (id_employee, id_company, full_name, position, hire_date, salary) values (91, 91, 'Mortimer Marlin', 'VP Marketing', '2/21/1991', 1668);
insert into employee (id_employee, id_company, full_name, position, hire_date, salary) values (92, null, 'Iseabal Rides', 'Assistant Manager', '11/29/1994', 1721);
insert into employee (id_employee, id_company, full_name, position, hire_date, salary) values (93, 93, 'Costa Bernt', 'Registered Nurse', '2/11/2002', 9387);
insert into employee (id_employee, id_company, full_name, position, hire_date, salary) values (94, 94, 'Junia Foltin', 'Statistician III', '7/11/2013', 268);
insert into employee (id_employee, id_company, full_name, position, hire_date, salary) values (95, null, 'Hadleigh Harbron', 'Compensation Analyst', '5/19/1976', 5180);
insert into employee (id_employee, id_company, full_name, position, hire_date, salary) values (96, null, 'Emanuele Sprigg', 'Environmental Tech', '9/21/1977', 5176);
insert into employee (id_employee, id_company, full_name, position, hire_date, salary) values (97, 97, 'Shepperd Saltwell', 'Product Engineer', '10/21/2003', 4764);
insert into employee (id_employee, id_company, full_name, position, hire_date, salary) values (98, null, 'Celeste Tindley', 'Marketing Manager', '4/20/2001', 8640);
insert into employee (id_employee, id_company, full_name, position, hire_date, salary) values (99, 99, 'Kev Povall', 'VP Accounting', '10/21/2013', 6149);
insert into employee (id_employee, id_company, full_name, position, hire_date, salary) values (100, 100, 'Allin Shobrook', 'Physical Therapy Assistant', '1/24/1982', 8979);
select setval(pg_get_serial_sequence('employee','id_employee'),100);



insert into passenger (id_passenger, city, full_name, date_of_birth, gender) values (1, 'Luqiao', 'Robinia Hilley', '3/18/1978', 'M');
insert into passenger (id_passenger, city, full_name, date_of_birth, gender) values (2, 'Zagórnik', 'Valeda Byrcher', '6/3/1992', 'M');
insert into passenger (id_passenger, city, full_name, date_of_birth, gender) values (3, 'Santo Antônio da Platina', 'Neala Twelftree', '12/2/1965', 'M');
insert into passenger (id_passenger, city, full_name, date_of_birth, gender) values (4, 'Midrand', 'Shaun Hatje', '3/24/1984', 'M');
insert into passenger (id_passenger, city, full_name, date_of_birth, gender) values (5, 'Burlatskoye', 'Norma Baggally', '1/9/1967', 'F');
insert into passenger (id_passenger, city, full_name, date_of_birth, gender) values (6, 'Pringgoboyo', 'Vail Yarnold', '8/10/1998', 'F');
insert into passenger (id_passenger, city, full_name, date_of_birth, gender) values (7, 'Bertioga', 'Gherardo Pluvier', '3/27/2020', 'F');
insert into passenger (id_passenger, city, full_name, date_of_birth, gender) values (8, 'Iracemápolis', 'Nataniel Heugh', '12/10/2008', 'F');
insert into passenger (id_passenger, city, full_name, date_of_birth, gender) values (9, 'Owczarnia', 'Andras Dumsday', '7/26/2006', 'M');
insert into passenger (id_passenger, city, full_name, date_of_birth, gender) values (10, 'Sandweiler', 'Roze Eckersley', '5/15/1995', 'F');
insert into passenger (id_passenger, city, full_name, date_of_birth, gender) values (11, 'Zhaojia', 'Winslow Jee', '8/6/2020', 'F');
insert into passenger (id_passenger, city, full_name, date_of_birth, gender) values (12, 'Adelaide Mail Centre', 'Farlee Bodd', '11/27/2022', 'M');
insert into passenger (id_passenger, city, full_name, date_of_birth, gender) values (13, 'Gornyye Klyuchi', 'Kristen Bertholin', '12/3/1993', 'M');
insert into passenger (id_passenger, city, full_name, date_of_birth, gender) values (14, 'Huangtian', 'Price Van Daalen', '4/29/2024', 'M');
insert into passenger (id_passenger, city, full_name, date_of_birth, gender) values (15, 'Mundolsheim', 'Donnajean Budcock', '6/14/2006', 'F');
insert into passenger (id_passenger, city, full_name, date_of_birth, gender) values (16, 'Karlskoga', 'Nerissa Mangeot', '11/8/2010', 'F');
insert into passenger (id_passenger, city, full_name, date_of_birth, gender) values (17, 'Hobo', 'Michale Ligoe', '4/18/1962', 'M');
insert into passenger (id_passenger, city, full_name, date_of_birth, gender) values (18, 'Cikondang', 'Velvet Mossman', '3/4/1973', 'F');
insert into passenger (id_passenger, city, full_name, date_of_birth, gender) values (19, 'Padaran', 'Beverlee Margeram', '5/19/1986', 'M');
insert into passenger (id_passenger, city, full_name, date_of_birth, gender) values (20, 'Mishima', 'Cletus Pedrozzi', '9/20/1981', 'M');
insert into passenger (id_passenger, city, full_name, date_of_birth, gender) values (21, 'Pajung', 'Ulick Simanek', '7/17/2012', 'F');
insert into passenger (id_passenger, city, full_name, date_of_birth, gender) values (22, 'Taikang', 'Chrissy Whyley', '8/22/2006', 'M');
insert into passenger (id_passenger, city, full_name, date_of_birth, gender) values (23, 'Paruro', 'Kara-lynn Alvarado', '6/11/1963', 'M');
insert into passenger (id_passenger, city, full_name, date_of_birth, gender) values (24, 'Cabanbanan', 'Hieronymus Jansens', '6/17/1975', 'F');
insert into passenger (id_passenger, city, full_name, date_of_birth, gender) values (25, 'Koten', 'Peggie Delf', '10/14/2017', 'F');
insert into passenger (id_passenger, city, full_name, date_of_birth, gender) values (26, 'Čelopek', 'Kennedy Sulman', '2/10/1986', 'M');
insert into passenger (id_passenger, city, full_name, date_of_birth, gender) values (27, 'Géfyra', 'Nanete Dome', '11/9/2005', 'M');
insert into passenger (id_passenger, city, full_name, date_of_birth, gender) values (28, 'Heiheba', 'Cordula Dyos', '5/7/1969', 'F');
insert into passenger (id_passenger, city, full_name, date_of_birth, gender) values (29, 'San Nicolas', 'Cornelius Brookshaw', '9/28/1967', 'F');
insert into passenger (id_passenger, city, full_name, date_of_birth, gender) values (30, 'Doksy', 'Clyve Foat', '6/23/1984', 'F');
insert into passenger (id_passenger, city, full_name, date_of_birth, gender) values (31, 'Ribeira Grande', 'Constance Faiers', '6/7/2000', 'M');
insert into passenger (id_passenger, city, full_name, date_of_birth, gender) values (32, 'Balazar', 'Pietrek Filipponi', '2/17/2020', 'M');
insert into passenger (id_passenger, city, full_name, date_of_birth, gender) values (33, 'Mabuttal East', 'Duffy Kilmartin', '4/17/1966', 'M');
insert into passenger (id_passenger, city, full_name, date_of_birth, gender) values (34, 'Lille', 'Derry Merryweather', '12/8/1966', 'M');
insert into passenger (id_passenger, city, full_name, date_of_birth, gender) values (35, 'Catumbela', 'Ashly Adamsson', '8/31/2009', 'F');
insert into passenger (id_passenger, city, full_name, date_of_birth, gender) values (36, 'Xinbei', 'Templeton Bullingham', '10/26/1972', 'M');
insert into passenger (id_passenger, city, full_name, date_of_birth, gender) values (37, 'Primorsk', 'Hali Jankovsky', '11/8/1989', 'F');
insert into passenger (id_passenger, city, full_name, date_of_birth, gender) values (38, 'Kinkala', 'Hedwiga Coggen', '7/11/2023', 'M');
insert into passenger (id_passenger, city, full_name, date_of_birth, gender) values (39, 'Casalinho', 'Lindy Vitler', '3/15/1986', 'F');
insert into passenger (id_passenger, city, full_name, date_of_birth, gender) values (40, 'Sijing', 'Callie Laird-Craig', '1/31/1976', 'M');
insert into passenger (id_passenger, city, full_name, date_of_birth, gender) values (41, 'Moch', 'Vitoria Klemke', '1/7/2020', 'M');
insert into passenger (id_passenger, city, full_name, date_of_birth, gender) values (42, 'Madīnat ‘Īsá', 'Blake Cone', '9/20/1991', 'M');
insert into passenger (id_passenger, city, full_name, date_of_birth, gender) values (43, 'Fubei', 'Guss Conquest', '3/30/2007', 'F');
insert into passenger (id_passenger, city, full_name, date_of_birth, gender) values (44, 'Talakag', 'Dicky Piwell', '2/4/1999', 'M');
insert into passenger (id_passenger, city, full_name, date_of_birth, gender) values (45, 'Reading', 'Ruthanne Couve', '3/15/2003', 'F');
insert into passenger (id_passenger, city, full_name, date_of_birth, gender) values (46, '城郊', 'Nevile Jory', '1/2/1972', 'F');
insert into passenger (id_passenger, city, full_name, date_of_birth, gender) values (47, 'Lubień', 'Aileen Redbourn', '10/18/1980', 'F');
insert into passenger (id_passenger, city, full_name, date_of_birth, gender) values (48, 'Bondy', 'Libbey Kobel', '6/9/1999', 'F');
insert into passenger (id_passenger, city, full_name, date_of_birth, gender) values (49, 'Desa Kertasari', 'Tobie Estcourt', '9/6/1986', 'M');
insert into passenger (id_passenger, city, full_name, date_of_birth, gender) values (50, 'Companhia de Baixo', 'Cassy Impy', '2/1/1998', 'F');
select setval(pg_get_serial_sequence('passenger','id_passenger'),50);





INSERT INTO public.pilot (id_employee, license_number, qualification, flight_hours) VALUES (1, '1', 'Tax Accountant', '1504');
INSERT INTO public.pilot (id_employee, license_number, qualification, flight_hours) VALUES (2, '2', 'Software Consultant', '300');
INSERT INTO public.pilot (id_employee, license_number, qualification, flight_hours) VALUES (4, '4', 'Editor', '43');
INSERT INTO public.pilot (id_employee, license_number, qualification, flight_hours) VALUES (5, '5', 'Account Executive', '11');
INSERT INTO public.pilot (id_employee, license_number, qualification, flight_hours) VALUES (6, '6', 'Recruiting Manager', '0');
INSERT INTO public.pilot (id_employee, license_number, qualification, flight_hours) VALUES (7, '7', 'Automation Specialist III', '788');
INSERT INTO public.pilot (id_employee, license_number, qualification, flight_hours) VALUES (8, '8', 'Financial Analyst', '313');
INSERT INTO public.pilot (id_employee, license_number, qualification, flight_hours) VALUES (9, '9', 'Senior Financial Analyst', '357');
INSERT INTO public.pilot (id_employee, license_number, qualification, flight_hours) VALUES (10, '10', 'General Manager', '12');
INSERT INTO public.pilot (id_employee, license_number, qualification, flight_hours) VALUES (11, '11', 'Quality Engineer', '160');
INSERT INTO public.pilot (id_employee, license_number, qualification, flight_hours) VALUES (12, '12', 'Physical Therapy Assistant', '1251');
INSERT INTO public.pilot (id_employee, license_number, qualification, flight_hours) VALUES (13, '13', 'Quality Engineer', '6500');
INSERT INTO public.pilot (id_employee, license_number, qualification, flight_hours) VALUES (14, '14', 'Community Outreach Specialist', '436');
INSERT INTO public.pilot (id_employee, license_number, qualification, flight_hours) VALUES (15, '15', 'Staff Scientist', '2801');
INSERT INTO public.pilot (id_employee, license_number, qualification, flight_hours) VALUES (16, '16', 'Systems Administrator II', '96');
INSERT INTO public.pilot (id_employee, license_number, qualification, flight_hours) VALUES (17, '17', 'Help Desk Operator', '690');
INSERT INTO public.pilot (id_employee, license_number, qualification, flight_hours) VALUES (18, '18', 'Senior Cost Accountant', '243');
INSERT INTO public.pilot (id_employee, license_number, qualification, flight_hours) VALUES (19, '19', 'Dental Hygienist', '341');
INSERT INTO public.pilot (id_employee, license_number, qualification, flight_hours) VALUES (20, '20', 'Quality Engineer', '4012');
INSERT INTO public.pilot (id_employee, license_number, qualification, flight_hours) VALUES (21, '21', 'VP Sales', '5830');
INSERT INTO public.pilot (id_employee, license_number, qualification, flight_hours) VALUES (22, '22', 'Office Assistant IV', '555');
INSERT INTO public.pilot (id_employee, license_number, qualification, flight_hours) VALUES (23, '23', 'Social Worker', '7989');
INSERT INTO public.pilot (id_employee, license_number, qualification, flight_hours) VALUES (24, '24', 'Research Assistant III', '0');
INSERT INTO public.pilot (id_employee, license_number, qualification, flight_hours) VALUES (25, '25', 'Senior Quality Engineer', '477');
INSERT INTO public.pilot (id_employee, license_number, qualification, flight_hours) VALUES (26, '26', 'Operator', '990');
INSERT INTO public.pilot (id_employee, license_number, qualification, flight_hours) VALUES (27, '27', 'Actuary', '164');
INSERT INTO public.pilot (id_employee, license_number, qualification, flight_hours) VALUES (28, '28', 'Technical Writer', '90');
INSERT INTO public.pilot (id_employee, license_number, qualification, flight_hours) VALUES (29, '29', 'Developer IV', '48');
INSERT INTO public.pilot (id_employee, license_number, qualification, flight_hours) VALUES (30, '30', 'Recruiter', '98');
INSERT INTO public.pilot (id_employee, license_number, qualification, flight_hours) VALUES (31, '31', 'Social Worker', '311');
INSERT INTO public.pilot (id_employee, license_number, qualification, flight_hours) VALUES (32, '32', 'Actuary', '96');
INSERT INTO public.pilot (id_employee, license_number, qualification, flight_hours) VALUES (33, '33', 'Systems Administrator III', '591');
INSERT INTO public.pilot (id_employee, license_number, qualification, flight_hours) VALUES (34, '34', 'Product Engineer', '79');
INSERT INTO public.pilot (id_employee, license_number, qualification, flight_hours) VALUES (35, '35', 'Health Coach I', '281');
INSERT INTO public.pilot (id_employee, license_number, qualification, flight_hours) VALUES (36, '36', 'Research Associate', '7360');
INSERT INTO public.pilot (id_employee, license_number, qualification, flight_hours) VALUES (37, '37', 'Assistant Professor', '757');
INSERT INTO public.pilot (id_employee, license_number, qualification, flight_hours) VALUES (38, '38', 'Environmental Tech', '1100');
INSERT INTO public.pilot (id_employee, license_number, qualification, flight_hours) VALUES (39, '39', 'Staff Scientist', '1949');
INSERT INTO public.pilot (id_employee, license_number, qualification, flight_hours) VALUES (40, '40', 'Database Administrator I', '8');
INSERT INTO public.pilot (id_employee, license_number, qualification, flight_hours) VALUES (41, '41', 'Director of Sales', '26');
INSERT INTO public.pilot (id_employee, license_number, qualification, flight_hours) VALUES (42, '42', 'Staff Scientist', '229');
INSERT INTO public.pilot (id_employee, license_number, qualification, flight_hours) VALUES (43, '43', 'Information Systems Manager', '411');
INSERT INTO public.pilot (id_employee, license_number, qualification, flight_hours) VALUES (44, '44', 'Internal Auditor', '1850');
INSERT INTO public.pilot (id_employee, license_number, qualification, flight_hours) VALUES (45, '45', 'Human Resources Assistant I', '1194');
INSERT INTO public.pilot (id_employee, license_number, qualification, flight_hours) VALUES (46, '46', 'Computer Systems Analyst III', '1000');
INSERT INTO public.pilot (id_employee, license_number, qualification, flight_hours) VALUES (47, '47', 'Community Outreach Specialist', '29');
INSERT INTO public.pilot (id_employee, license_number, qualification, flight_hours) VALUES (48, '48', 'Cost Accountant', '503');
INSERT INTO public.pilot (id_employee, license_number, qualification, flight_hours) VALUES (49, '49', 'VP Marketing', '338');
INSERT INTO public.pilot (id_employee, license_number, qualification, flight_hours) VALUES (50, '50', 'Sales Associate', '342');
INSERT INTO public.pilot (id_employee, license_number, qualification, flight_hours) VALUES (51, '51', 'Senior Quality Engineer', '468');
INSERT INTO public.pilot (id_employee, license_number, qualification, flight_hours) VALUES (52, '52', 'Web Developer II', '3627');
INSERT INTO public.pilot (id_employee, license_number, qualification, flight_hours) VALUES (53, '53', 'Technical Writer', '3000');
INSERT INTO public.pilot (id_employee, license_number, qualification, flight_hours) VALUES (54, '54', 'Senior Editor', '1927');
INSERT INTO public.pilot (id_employee, license_number, qualification, flight_hours) VALUES (55, '55', 'Human Resources Assistant II', '194');
INSERT INTO public.pilot (id_employee, license_number, qualification, flight_hours) VALUES (56, '56', 'Staff Scientist', '819');
INSERT INTO public.pilot (id_employee, license_number, qualification, flight_hours) VALUES (57, '57', 'Recruiting Manager', '2691');
INSERT INTO public.pilot (id_employee, license_number, qualification, flight_hours) VALUES (58, '58', 'Environmental Tech', '472');
INSERT INTO public.pilot (id_employee, license_number, qualification, flight_hours) VALUES (60, '60', 'Engineer II', '100');
INSERT INTO public.pilot (id_employee, license_number, qualification, flight_hours) VALUES (61, '61', 'Electrical Engineer', '145');
INSERT INTO public.pilot (id_employee, license_number, qualification, flight_hours) VALUES (62, '62', 'Account Coordinator', '974');
INSERT INTO public.pilot (id_employee, license_number, qualification, flight_hours) VALUES (63, '63', 'Internal Auditor', '86');
INSERT INTO public.pilot (id_employee, license_number, qualification, flight_hours) VALUES (64, '64', 'Civil Engineer', '2801');
INSERT INTO public.pilot (id_employee, license_number, qualification, flight_hours) VALUES (65, '65', 'Mechanical Systems Engineer', '606');
INSERT INTO public.pilot (id_employee, license_number, qualification, flight_hours) VALUES (66, '66', 'Statistician I', '3609');
INSERT INTO public.pilot (id_employee, license_number, qualification, flight_hours) VALUES (67, '67', 'Engineer I', '19');
INSERT INTO public.pilot (id_employee, license_number, qualification, flight_hours) VALUES (68, '68', 'Senior Financial Analyst', '9');
INSERT INTO public.pilot (id_employee, license_number, qualification, flight_hours) VALUES (69, '69', 'Assistant Professor', '24');
INSERT INTO public.pilot (id_employee, license_number, qualification, flight_hours) VALUES (70, '70', 'Food Chemist', '3497');
INSERT INTO public.pilot (id_employee, license_number, qualification, flight_hours) VALUES (71, '71', 'Senior Cost Accountant', '1572');
INSERT INTO public.pilot (id_employee, license_number, qualification, flight_hours) VALUES (72, '72', 'Media Manager I', '460');
INSERT INTO public.pilot (id_employee, license_number, qualification, flight_hours) VALUES (73, '73', 'Physical Therapy Assistant', '816');
INSERT INTO public.pilot (id_employee, license_number, qualification, flight_hours) VALUES (74, '74', 'Nuclear Power Engineer', '52');
INSERT INTO public.pilot (id_employee, license_number, qualification, flight_hours) VALUES (75, '75', 'Administrative Assistant I', '0');
INSERT INTO public.pilot (id_employee, license_number, qualification, flight_hours) VALUES (76, '76', 'Administrative Assistant IV', '11');
INSERT INTO public.pilot (id_employee, license_number, qualification, flight_hours) VALUES (78, '78', 'VP Sales', '256');
INSERT INTO public.pilot (id_employee, license_number, qualification, flight_hours) VALUES (79, '79', 'Internal Auditor', '1242');
INSERT INTO public.pilot (id_employee, license_number, qualification, flight_hours) VALUES (80, '80', 'Help Desk Technician', '50');
INSERT INTO public.pilot (id_employee, license_number, qualification, flight_hours) VALUES (81, '81', 'Research Associate', '2900');
INSERT INTO public.pilot (id_employee, license_number, qualification, flight_hours) VALUES (82, '82', 'Structural Engineer', '2018');
INSERT INTO public.pilot (id_employee, license_number, qualification, flight_hours) VALUES (83, '83', 'Clinical Specialist', '54');
INSERT INTO public.pilot (id_employee, license_number, qualification, flight_hours) VALUES (84, '84', 'Operator', '3714');
INSERT INTO public.pilot (id_employee, license_number, qualification, flight_hours) VALUES (85, '85', 'Editor', '3');
INSERT INTO public.pilot (id_employee, license_number, qualification, flight_hours) VALUES (86, '86', 'Project Manager', '3816');
INSERT INTO public.pilot (id_employee, license_number, qualification, flight_hours) VALUES (87, '87', 'Automation Specialist IV', '0');
INSERT INTO public.pilot (id_employee, license_number, qualification, flight_hours) VALUES (88, '88', 'Recruiting Manager', '444');
INSERT INTO public.pilot (id_employee, license_number, qualification, flight_hours) VALUES (89, '89', 'Environmental Tech', '7');
INSERT INTO public.pilot (id_employee, license_number, qualification, flight_hours) VALUES (90, '90', 'VP Marketing', '1083');
INSERT INTO public.pilot (id_employee, license_number, qualification, flight_hours) VALUES (91, '91', 'Structural Analysis Engineer', '459');
INSERT INTO public.pilot (id_employee, license_number, qualification, flight_hours) VALUES (92, '92', 'Media Manager I', '125');
INSERT INTO public.pilot (id_employee, license_number, qualification, flight_hours) VALUES (94, '94', 'Structural Engineer', '193');
INSERT INTO public.pilot (id_employee, license_number, qualification, flight_hours) VALUES (95, '95', 'Senior Financial Analyst', '2487');
INSERT INTO public.pilot (id_employee, license_number, qualification, flight_hours) VALUES (96, '96', 'Desktop Support Technician', '39');
INSERT INTO public.pilot (id_employee, license_number, qualification, flight_hours) VALUES (97, '97', 'Computer Systems Analyst I', '0');
INSERT INTO public.pilot (id_employee, license_number, qualification, flight_hours) VALUES (98, '98', 'VP Sales', '529');
INSERT INTO public.pilot (id_employee, license_number, qualification, flight_hours) VALUES (99, '99', 'VP Marketing', '305');
INSERT INTO public.pilot (id_employee, license_number, qualification, flight_hours) VALUES (100, '100', 'General Manager', '20');
INSERT INTO public.pilot (id_employee, license_number, qualification, flight_hours) VALUES (3, '3', 'Nurse Practicioner', '100');
INSERT INTO public.pilot (id_employee, license_number, qualification, flight_hours) VALUES (59, '59', 'Statistician III', '1000');
INSERT INTO public.pilot (id_employee, license_number, qualification, flight_hours) VALUES (77, '77', 'Database Administrator II', '3000');
INSERT INTO public.pilot (id_employee, license_number, qualification, flight_hours) VALUES (93, '93', 'Teacher', '5000');






INSERT INTO public.stewardess (id_employee, qualification) VALUES (1, 'Help Desk Technician');
INSERT INTO public.stewardess (id_employee, qualification) VALUES (2, 'Internal Auditor');
INSERT INTO public.stewardess (id_employee, qualification) VALUES (3, 'Design Engineer');
INSERT INTO public.stewardess (id_employee, qualification) VALUES (4, 'Computer Systems Analyst III');
INSERT INTO public.stewardess (id_employee, qualification) VALUES (5, 'VP Marketing');
INSERT INTO public.stewardess (id_employee, qualification) VALUES (6, 'Account Representative IV');
INSERT INTO public.stewardess (id_employee, qualification) VALUES (7, 'Geological Engineer');
INSERT INTO public.stewardess (id_employee, qualification) VALUES (8, 'Assistant Manager');
INSERT INTO public.stewardess (id_employee, qualification) VALUES (9, 'Graphic Designer');
INSERT INTO public.stewardess (id_employee, qualification) VALUES (10, 'Research Nurse');
INSERT INTO public.stewardess (id_employee, qualification) VALUES (11, 'Structural Engineer');
INSERT INTO public.stewardess (id_employee, qualification) VALUES (12, 'Occupational Therapist');
INSERT INTO public.stewardess (id_employee, qualification) VALUES (13, 'Programmer III');
INSERT INTO public.stewardess (id_employee, qualification) VALUES (14, 'Account Coordinator');
INSERT INTO public.stewardess (id_employee, qualification) VALUES (15, 'Social Worker');
INSERT INTO public.stewardess (id_employee, qualification) VALUES (16, 'Account Representative I');
INSERT INTO public.stewardess (id_employee, qualification) VALUES (17, 'Staff Accountant III');
INSERT INTO public.stewardess (id_employee, qualification) VALUES (18, 'Help Desk Operator');
INSERT INTO public.stewardess (id_employee, qualification) VALUES (19, 'Software Test Engineer III');
INSERT INTO public.stewardess (id_employee, qualification) VALUES (20, 'Statistician IV');
INSERT INTO public.stewardess (id_employee, qualification) VALUES (21, 'Editor');
INSERT INTO public.stewardess (id_employee, qualification) VALUES (22, 'Account Executive');
INSERT INTO public.stewardess (id_employee, qualification) VALUES (23, 'Senior Developer');
INSERT INTO public.stewardess (id_employee, qualification) VALUES (24, 'Nuclear Power Engineer');
INSERT INTO public.stewardess (id_employee, qualification) VALUES (25, 'Social Worker');
INSERT INTO public.stewardess (id_employee, qualification) VALUES (26, 'Paralegal');
INSERT INTO public.stewardess (id_employee, qualification) VALUES (27, 'Research Associate');
INSERT INTO public.stewardess (id_employee, qualification) VALUES (28, 'Chemical Engineer');
INSERT INTO public.stewardess (id_employee, qualification) VALUES (29, 'Staff Scientist');
INSERT INTO public.stewardess (id_employee, qualification) VALUES (30, 'Mechanical Systems Engineer');




insert into plane (id_plane, id_company, model, capacity, year_of_manufacture) values (1, 1, 'Lincoln', 695, 2009);
insert into plane (id_plane, id_company, model, capacity, year_of_manufacture) values (2, 2, 'Toyota', 876, 2006);
insert into plane (id_plane, id_company, model, capacity, year_of_manufacture) values (3, 3, 'Mitsubishi', 525, 2005);
insert into plane (id_plane, id_company, model, capacity, year_of_manufacture) values (4, 4, 'MINI', 479, 2011);
insert into plane (id_plane, id_company, model, capacity, year_of_manufacture) values (5, 5, 'Toyota', 411, 2012);
insert into plane (id_plane, id_company, model, capacity, year_of_manufacture) values (6, 6, 'Dodge', 987, 2008);
insert into plane (id_plane, id_company, model, capacity, year_of_manufacture) values (7, 7, 'Ford', 688, 1994);
insert into plane (id_plane, id_company, model, capacity, year_of_manufacture) values (8, 8, 'Ford', 361, 1996);
insert into plane (id_plane, id_company, model, capacity, year_of_manufacture) values (9, 9, 'Toyota', 271, 1993);
insert into plane (id_plane, id_company, model, capacity, year_of_manufacture) values (10, 10, 'GMC', 448, 1998);
insert into plane (id_plane, id_company, model, capacity, year_of_manufacture) values (11, 11, 'Acura', 103, 1999);
insert into plane (id_plane, id_company, model, capacity, year_of_manufacture) values (12, 12, 'Dodge', 946, 2004);
insert into plane (id_plane, id_company, model, capacity, year_of_manufacture) values (13, 13, 'Toyota', 694, 2005);
insert into plane (id_plane, id_company, model, capacity, year_of_manufacture) values (14, 14, 'Volkswagen', 578, 2007);
insert into plane (id_plane, id_company, model, capacity, year_of_manufacture) values (15, 15, 'Acura', 613, 1993);
insert into plane (id_plane, id_company, model, capacity, year_of_manufacture) values (16, 16, 'Ford', 207, 2004);
insert into plane (id_plane, id_company, model, capacity, year_of_manufacture) values (17, 17, 'Spyker', 60, 2004);
insert into plane (id_plane, id_company, model, capacity, year_of_manufacture) values (18, 18, 'Dodge', 139, 1992);
insert into plane (id_plane, id_company, model, capacity, year_of_manufacture) values (19, 19, 'Volkswagen', 380, 2007);
insert into plane (id_plane, id_company, model, capacity, year_of_manufacture) values (20, 20, 'Mitsubishi', 437, 2006);
insert into plane (id_plane, id_company, model, capacity, year_of_manufacture) values (21, 21, 'Hyundai', 889, 2005);
insert into plane (id_plane, id_company, model, capacity, year_of_manufacture) values (22, 22, 'Volkswagen', 294, 1992);
insert into plane (id_plane, id_company, model, capacity, year_of_manufacture) values (23, 23, 'Audi', 503, 2005);
insert into plane (id_plane, id_company, model, capacity, year_of_manufacture) values (24, 24, 'Chrysler', 694, 2007);
insert into plane (id_plane, id_company, model, capacity, year_of_manufacture) values (25, 25, 'Acura', 445, 2009);
insert into plane (id_plane, id_company, model, capacity, year_of_manufacture) values (26, 26, 'Dodge', 457, 1997);
insert into plane (id_plane, id_company, model, capacity, year_of_manufacture) values (27, 27, 'Maserati', 815, 2006);
insert into plane (id_plane, id_company, model, capacity, year_of_manufacture) values (28, 28, 'Infiniti', 538, 2004);
insert into plane (id_plane, id_company, model, capacity, year_of_manufacture) values (29, 29, 'Honda', 627, 2003);
insert into plane (id_plane, id_company, model, capacity, year_of_manufacture) values (30, 30, 'Chevrolet', 386, 2000);
insert into plane (id_plane, id_company, model, capacity, year_of_manufacture) values (31, 31, 'Lamborghini', 923, 1985);
insert into plane (id_plane, id_company, model, capacity, year_of_manufacture) values (32, 32, 'Chevrolet', 733, 2002);
insert into plane (id_plane, id_company, model, capacity, year_of_manufacture) values (33, 33, 'Chrysler', 105, 2007);
insert into plane (id_plane, id_company, model, capacity, year_of_manufacture) values (34, 34, 'Jaguar', 502, 2005);
insert into plane (id_plane, id_company, model, capacity, year_of_manufacture) values (35, 35, 'Lexus', 275, 2010);
insert into plane (id_plane, id_company, model, capacity, year_of_manufacture) values (36, 36, 'Pontiac', 446, 2000);
insert into plane (id_plane, id_company, model, capacity, year_of_manufacture) values (37, 37, 'Dodge', 481, 1996);
insert into plane (id_plane, id_company, model, capacity, year_of_manufacture) values (38, 38, 'Cadillac', 652, 2009);
insert into plane (id_plane, id_company, model, capacity, year_of_manufacture) values (39, 39, 'Dodge', 218, 1999);
insert into plane (id_plane, id_company, model, capacity, year_of_manufacture) values (40, 40, 'Volkswagen', 761, 1996);
insert into plane (id_plane, id_company, model, capacity, year_of_manufacture) values (41, 41, 'Nissan', 356, 1998);
insert into plane (id_plane, id_company, model, capacity, year_of_manufacture) values (42, 42, 'Buick', 142, 1985);
insert into plane (id_plane, id_company, model, capacity, year_of_manufacture) values (43, 43, 'Pontiac', 81, 1989);
insert into plane (id_plane, id_company, model, capacity, year_of_manufacture) values (44, 44, 'Toyota', 914, 2007);
insert into plane (id_plane, id_company, model, capacity, year_of_manufacture) values (45, 45, 'Lincoln', 463, 2003);
insert into plane (id_plane, id_company, model, capacity, year_of_manufacture) values (46, 46, 'Land Rover', 481, 2003);
insert into plane (id_plane, id_company, model, capacity, year_of_manufacture) values (47, 47, 'Lexus', 239, 2009);
insert into plane (id_plane, id_company, model, capacity, year_of_manufacture) values (48, 48, 'Oldsmobile', 589, 2002);
insert into plane (id_plane, id_company, model, capacity, year_of_manufacture) values (49, 49, 'Jeep', 967, 2010);
insert into plane (id_plane, id_company, model, capacity, year_of_manufacture) values (50, 50, 'Buick', 123, 1999);
insert into plane (id_plane, id_company, model, capacity, year_of_manufacture) values (51, 51, 'Mitsubishi', 146, 2011);
insert into plane (id_plane, id_company, model, capacity, year_of_manufacture) values (52, 52, 'Mitsubishi', 813, 1984);
insert into plane (id_plane, id_company, model, capacity, year_of_manufacture) values (53, 53, 'Land Rover', 17, 2007);
insert into plane (id_plane, id_company, model, capacity, year_of_manufacture) values (54, 54, 'Mazda', 986, 1990);
insert into plane (id_plane, id_company, model, capacity, year_of_manufacture) values (55, 55, 'Porsche', 906, 2008);
insert into plane (id_plane, id_company, model, capacity, year_of_manufacture) values (56, 56, 'Dodge', 394, 2004);
insert into plane (id_plane, id_company, model, capacity, year_of_manufacture) values (57, 57, 'Chevrolet', 904, 1999);
insert into plane (id_plane, id_company, model, capacity, year_of_manufacture) values (58, 58, 'Ferrari', 874, 2007);
insert into plane (id_plane, id_company, model, capacity, year_of_manufacture) values (59, 59, 'Honda', 359, 1993);
insert into plane (id_plane, id_company, model, capacity, year_of_manufacture) values (60, 60, 'Chevrolet', 420, 1996);
insert into plane (id_plane, id_company, model, capacity, year_of_manufacture) values (61, 61, 'Jeep', 305, 2011);
insert into plane (id_plane, id_company, model, capacity, year_of_manufacture) values (62, 62, 'Mercedes-Benz', 420, 2010);
insert into plane (id_plane, id_company, model, capacity, year_of_manufacture) values (63, 63, 'Toyota', 809, 1998);
insert into plane (id_plane, id_company, model, capacity, year_of_manufacture) values (64, 64, 'Ford', 186, 2008);
insert into plane (id_plane, id_company, model, capacity, year_of_manufacture) values (65, 65, 'Pontiac', 537, 2006);
insert into plane (id_plane, id_company, model, capacity, year_of_manufacture) values (66, 66, 'Isuzu', 868, 1996);
insert into plane (id_plane, id_company, model, capacity, year_of_manufacture) values (67, 67, 'Toyota', 640, 2012);
insert into plane (id_plane, id_company, model, capacity, year_of_manufacture) values (68, 68, 'Maserati', 916, 2012);
insert into plane (id_plane, id_company, model, capacity, year_of_manufacture) values (69, 69, 'Toyota', 233, 1989);
insert into plane (id_plane, id_company, model, capacity, year_of_manufacture) values (70, 70, 'Honda', 604, 1990);
insert into plane (id_plane, id_company, model, capacity, year_of_manufacture) values (71, 71, 'Dodge', 529, 2011);
insert into plane (id_plane, id_company, model, capacity, year_of_manufacture) values (72, 72, 'GMC', 385, 1996);
insert into plane (id_plane, id_company, model, capacity, year_of_manufacture) values (73, 73, 'Nissan', 510, 2006);
insert into plane (id_plane, id_company, model, capacity, year_of_manufacture) values (74, 74, 'GMC', 35, 1993);
insert into plane (id_plane, id_company, model, capacity, year_of_manufacture) values (75, 75, 'Lexus', 946, 2010);
insert into plane (id_plane, id_company, model, capacity, year_of_manufacture) values (76, 76, 'Infiniti', 915, 2006);
insert into plane (id_plane, id_company, model, capacity, year_of_manufacture) values (77, 77, 'Dodge', 566, 1993);
insert into plane (id_plane, id_company, model, capacity, year_of_manufacture) values (78, 78, 'BMW', 373, 2002);
insert into plane (id_plane, id_company, model, capacity, year_of_manufacture) values (79, 79, 'Ford', 770, 2002);
insert into plane (id_plane, id_company, model, capacity, year_of_manufacture) values (80, 80, 'Mazda', 7, 2006);
insert into plane (id_plane, id_company, model, capacity, year_of_manufacture) values (81, 81, 'Mitsubishi', 88, 1989);
insert into plane (id_plane, id_company, model, capacity, year_of_manufacture) values (82, 82, 'Mitsubishi', 543, 2010);
insert into plane (id_plane, id_company, model, capacity, year_of_manufacture) values (83, 83, 'Toyota', 784, 2002);
insert into plane (id_plane, id_company, model, capacity, year_of_manufacture) values (84, 84, 'Lexus', 491, 2010);
insert into plane (id_plane, id_company, model, capacity, year_of_manufacture) values (85, 85, 'Mercedes-Benz', 333, 1999);
insert into plane (id_plane, id_company, model, capacity, year_of_manufacture) values (86, 86, 'BMW', 32, 2012);
insert into plane (id_plane, id_company, model, capacity, year_of_manufacture) values (87, 87, 'Pontiac', 841, 1987);
insert into plane (id_plane, id_company, model, capacity, year_of_manufacture) values (88, 88, 'Audi', 737, 2007);
insert into plane (id_plane, id_company, model, capacity, year_of_manufacture) values (89, 89, 'Jeep', 509, 1998);
insert into plane (id_plane, id_company, model, capacity, year_of_manufacture) values (90, 90, 'Lamborghini', 743, 1998);
insert into plane (id_plane, id_company, model, capacity, year_of_manufacture) values (91, 91, 'MINI', 212, 2006);
insert into plane (id_plane, id_company, model, capacity, year_of_manufacture) values (92, 92, 'Lincoln', 406, 2005);
insert into plane (id_plane, id_company, model, capacity, year_of_manufacture) values (93, 93, 'Ford', 162, 2012);
insert into plane (id_plane, id_company, model, capacity, year_of_manufacture) values (94, 94, 'Nissan', 622, 2003);
insert into plane (id_plane, id_company, model, capacity, year_of_manufacture) values (95, 95, 'Ford', 646, 1993);
insert into plane (id_plane, id_company, model, capacity, year_of_manufacture) values (96, 96, 'Mazda', 378, 2007);
insert into plane (id_plane, id_company, model, capacity, year_of_manufacture) values (97, 97, 'Volvo', 98, 2005);
insert into plane (id_plane, id_company, model, capacity, year_of_manufacture) values (98, 98, 'Buick', 231, 1996);
insert into plane (id_plane, id_company, model, capacity, year_of_manufacture) values (99, 99, 'Cadillac', 663, 2007);
insert into plane (id_plane, id_company, model, capacity, year_of_manufacture) values (100, 100, 'Mitsubishi', 922, 2002);
select setval(pg_get_serial_sequence('plane','id_plane'),100);







insert into flight (id_flight, id_plane, departure_time, arrival_time, duration, status) values (1, 1, '2024-03-27 08:12:56', '2024-03-07 21:02:56', 737, false);
insert into flight (id_flight, id_plane, departure_time, arrival_time, duration, status) values (2, 2, '2023-12-16 23:25:53', '2024-03-09 00:10:30', 2099, false);
insert into flight (id_flight, id_plane, departure_time, arrival_time, duration, status) values (3, 3, '2023-11-13 08:15:25', '2023-09-14 10:16:11', 1832, false);
insert into flight (id_flight, id_plane, departure_time, arrival_time, duration, status) values (4, 4, '2023-07-15 06:34:52', '2023-10-04 02:31:11', 1313, false);
insert into flight (id_flight, id_plane, departure_time, arrival_time, duration, status) values (5, 5, '2023-09-15 01:31:04', '2024-04-09 17:51:01', 677, true);
insert into flight (id_flight, id_plane, departure_time, arrival_time, duration, status) values (6, 6, '2023-08-22 11:41:09', '2024-03-09 22:22:29', 2533, true);
insert into flight (id_flight, id_plane, departure_time, arrival_time, duration, status) values (7, 7, '2023-08-18 09:45:05', '2024-03-02 06:58:56', 2368, false);
insert into flight (id_flight, id_plane, departure_time, arrival_time, duration, status) values (8, 8, '2023-12-17 04:43:36', '2024-01-28 02:16:54', 68, false);
insert into flight (id_flight, id_plane, departure_time, arrival_time, duration, status) values (9, 9, '2023-11-07 05:53:17', '2023-10-22 23:28:56', 1691, false);
insert into flight (id_flight, id_plane, departure_time, arrival_time, duration, status) values (10, 10, '2024-01-09 09:10:54', '2024-01-15 14:31:14', 1538, true);
insert into flight (id_flight, id_plane, departure_time, arrival_time, duration, status) values (11, 11, '2023-10-21 20:08:33', '2023-12-08 21:45:54', 655, false);
insert into flight (id_flight, id_plane, departure_time, arrival_time, duration, status) values (12, 12, '2024-02-27 11:01:13', '2024-01-03 11:04:17', 2840, true);
insert into flight (id_flight, id_plane, departure_time, arrival_time, duration, status) values (13, 13, '2023-07-14 09:34:32', '2023-09-10 19:21:57', 2381, false);
insert into flight (id_flight, id_plane, departure_time, arrival_time, duration, status) values (14, 14, '2023-12-14 00:44:32', '2023-11-25 08:23:28', 1657, true);
insert into flight (id_flight, id_plane, departure_time, arrival_time, duration, status) values (15, 15, '2023-11-09 06:19:25', '2024-01-17 04:11:17', 314, true);
insert into flight (id_flight, id_plane, departure_time, arrival_time, duration, status) values (16, 16, '2024-05-09 07:45:31', '2024-03-07 11:12:09', 1588, true);
insert into flight (id_flight, id_plane, departure_time, arrival_time, duration, status) values (17, 17, '2024-03-26 00:01:51', '2023-08-04 01:40:37', 1573, true);
insert into flight (id_flight, id_plane, departure_time, arrival_time, duration, status) values (18, 18, '2023-12-14 07:56:21', '2023-10-28 17:09:59', 988, false);
insert into flight (id_flight, id_plane, departure_time, arrival_time, duration, status) values (19, 19, '2023-06-23 10:16:13', '2023-09-14 01:26:13', 424, true);
insert into flight (id_flight, id_plane, departure_time, arrival_time, duration, status) values (20, 20, '2023-10-26 05:24:30', '2023-08-23 02:20:05', 1231, true);
insert into flight (id_flight, id_plane, departure_time, arrival_time, duration, status) values (21, 21, '2023-10-19 23:05:47', '2023-06-21 09:52:03', 139, false);
insert into flight (id_flight, id_plane, departure_time, arrival_time, duration, status) values (22, 22, '2023-09-01 02:36:00', '2023-08-21 08:24:04', 2165, false);
insert into flight (id_flight, id_plane, departure_time, arrival_time, duration, status) values (23, 23, '2023-12-28 07:54:03', '2023-10-07 16:41:07', 710, false);
insert into flight (id_flight, id_plane, departure_time, arrival_time, duration, status) values (24, 24, '2024-02-02 10:40:58', '2023-10-10 16:21:49', 936, false);
insert into flight (id_flight, id_plane, departure_time, arrival_time, duration, status) values (25, 25, '2023-07-27 00:14:44', '2023-07-14 07:16:55', 853, true);
insert into flight (id_flight, id_plane, departure_time, arrival_time, duration, status) values (26, 26, '2023-06-28 01:08:16', '2024-04-04 04:59:57', 1417, false);
insert into flight (id_flight, id_plane, departure_time, arrival_time, duration, status) values (27, 27, '2024-04-25 20:21:16', '2023-07-02 11:24:57', 1005, false);
insert into flight (id_flight, id_plane, departure_time, arrival_time, duration, status) values (28, 28, '2023-05-31 09:26:20', '2023-06-24 16:43:11', 348, false);
insert into flight (id_flight, id_plane, departure_time, arrival_time, duration, status) values (29, 29, '2024-01-06 21:35:19', '2024-03-05 20:25:11', 2747, false);
insert into flight (id_flight, id_plane, departure_time, arrival_time, duration, status) values (30, 30, '2023-12-29 08:48:44', '2023-07-23 09:05:02', 921, false);
insert into flight (id_flight, id_plane, departure_time, arrival_time, duration, status) values (31, 31, '2023-05-19 22:06:50', '2024-01-19 08:16:44', 346, true);
insert into flight (id_flight, id_plane, departure_time, arrival_time, duration, status) values (32, 32, '2023-12-22 06:53:51', '2023-12-15 23:05:33', 1026, true);
insert into flight (id_flight, id_plane, departure_time, arrival_time, duration, status) values (33, 33, '2023-08-15 04:23:08', '2023-11-09 15:02:12', 196, false);
insert into flight (id_flight, id_plane, departure_time, arrival_time, duration, status) values (34, 34, '2023-12-27 07:24:48', '2024-02-09 11:01:44', 1042, true);
insert into flight (id_flight, id_plane, departure_time, arrival_time, duration, status) values (35, 35, '2023-12-02 13:01:58', '2023-12-15 08:35:34', 2897, true);
insert into flight (id_flight, id_plane, departure_time, arrival_time, duration, status) values (36, 36, '2023-06-30 07:25:10', '2024-02-13 20:56:17', 1362, false);
insert into flight (id_flight, id_plane, departure_time, arrival_time, duration, status) values (37, 37, '2023-07-03 15:01:45', '2023-06-06 19:00:34', 2473, true);
insert into flight (id_flight, id_plane, departure_time, arrival_time, duration, status) values (38, 38, '2023-05-23 18:40:29', '2023-10-30 10:27:29', 959, true);
insert into flight (id_flight, id_plane, departure_time, arrival_time, duration, status) values (39, 39, '2023-09-01 13:30:18', '2023-06-12 03:45:08', 704, true);
insert into flight (id_flight, id_plane, departure_time, arrival_time, duration, status) values (40, 40, '2024-02-22 09:25:48', '2023-12-25 20:48:48', 2486, true);
insert into flight (id_flight, id_plane, departure_time, arrival_time, duration, status) values (41, 41, '2023-09-18 12:59:01', '2023-10-22 18:03:01', 809, false);
insert into flight (id_flight, id_plane, departure_time, arrival_time, duration, status) values (42, 42, '2023-05-26 01:30:43', '2023-10-16 10:19:51', 2264, true);
insert into flight (id_flight, id_plane, departure_time, arrival_time, duration, status) values (43, 43, '2023-09-27 23:15:56', '2023-09-08 13:09:22', 297, false);
insert into flight (id_flight, id_plane, departure_time, arrival_time, duration, status) values (44, 44, '2024-02-12 04:24:47', '2023-12-12 18:39:48', 2107, false);
insert into flight (id_flight, id_plane, departure_time, arrival_time, duration, status) values (45, 45, '2023-06-20 05:25:42', '2024-01-10 12:45:37', 1041, true);
insert into flight (id_flight, id_plane, departure_time, arrival_time, duration, status) values (46, 46, '2023-08-04 17:25:01', '2024-04-14 02:42:19', 1338, true);
insert into flight (id_flight, id_plane, departure_time, arrival_time, duration, status) values (47, 47, '2023-06-11 19:08:21', '2024-04-13 19:23:01', 2422, false);
insert into flight (id_flight, id_plane, departure_time, arrival_time, duration, status) values (48, 48, '2023-06-20 03:41:33', '2023-08-30 17:40:44', 728, true);
insert into flight (id_flight, id_plane, departure_time, arrival_time, duration, status) values (49, 49, '2023-05-25 00:43:27', '2024-01-12 10:34:39', 338, true);
insert into flight (id_flight, id_plane, departure_time, arrival_time, duration, status) values (50, 50, '2024-03-31 14:50:45', '2023-06-20 18:11:53', 2846, true);
insert into flight (id_flight, id_plane, departure_time, arrival_time, duration, status) values (51, 51, '2024-02-19 04:32:02', '2024-01-15 20:32:14', 230, true);
insert into flight (id_flight, id_plane, departure_time, arrival_time, duration, status) values (52, 52, '2023-12-23 17:35:23', '2023-09-11 13:11:27', 1261, false);
insert into flight (id_flight, id_plane, departure_time, arrival_time, duration, status) values (53, 53, '2024-02-01 12:30:08', '2024-05-06 15:07:52', 49, false);
insert into flight (id_flight, id_plane, departure_time, arrival_time, duration, status) values (54, 54, '2023-12-05 00:40:29', '2023-10-25 21:08:28', 340, true);
insert into flight (id_flight, id_plane, departure_time, arrival_time, duration, status) values (55, 55, '2024-04-17 17:12:53', '2024-04-12 10:08:49', 1316, true);
insert into flight (id_flight, id_plane, departure_time, arrival_time, duration, status) values (56, 56, '2023-08-29 00:33:47', '2023-08-24 09:55:47', 2269, true);
insert into flight (id_flight, id_plane, departure_time, arrival_time, duration, status) values (57, 57, '2024-05-03 23:30:46', '2023-06-25 18:45:12', 814, false);
insert into flight (id_flight, id_plane, departure_time, arrival_time, duration, status) values (58, 58, '2024-01-01 19:42:39', '2023-07-19 01:02:44', 1009, false);
insert into flight (id_flight, id_plane, departure_time, arrival_time, duration, status) values (59, 59, '2023-08-11 03:42:12', '2024-03-19 06:52:16', 2257, true);
insert into flight (id_flight, id_plane, departure_time, arrival_time, duration, status) values (60, 60, '2023-05-21 23:44:16', '2024-01-09 18:26:57', 2240, true);
insert into flight (id_flight, id_plane, departure_time, arrival_time, duration, status) values (61, 61, '2023-08-23 20:28:14', '2023-09-25 05:35:25', 1882, false);
insert into flight (id_flight, id_plane, departure_time, arrival_time, duration, status) values (62, 62, '2023-07-12 17:02:32', '2023-06-27 20:46:41', 2580, false);
insert into flight (id_flight, id_plane, departure_time, arrival_time, duration, status) values (63, 63, '2023-10-21 12:21:04', '2023-11-08 17:22:07', 873, true);
insert into flight (id_flight, id_plane, departure_time, arrival_time, duration, status) values (64, 64, '2023-09-18 23:58:51', '2023-09-18 11:39:53', 1320, true);
insert into flight (id_flight, id_plane, departure_time, arrival_time, duration, status) values (65, 65, '2023-12-17 18:54:51', '2024-03-18 20:53:57', 2764, false);
insert into flight (id_flight, id_plane, departure_time, arrival_time, duration, status) values (66, 66, '2023-10-14 20:01:13', '2024-05-05 03:42:19', 2441, true);
insert into flight (id_flight, id_plane, departure_time, arrival_time, duration, status) values (67, 67, '2023-11-12 18:24:58', '2024-03-24 12:14:41', 2677, true);
insert into flight (id_flight, id_plane, departure_time, arrival_time, duration, status) values (68, 68, '2024-02-19 08:09:27', '2024-02-08 08:08:57', 949, true);
insert into flight (id_flight, id_plane, departure_time, arrival_time, duration, status) values (69, 69, '2023-11-27 21:09:25', '2023-09-22 17:20:09', 385, true);
insert into flight (id_flight, id_plane, departure_time, arrival_time, duration, status) values (70, 70, '2023-11-12 04:42:01', '2024-02-11 03:53:26', 2393, true);
insert into flight (id_flight, id_plane, departure_time, arrival_time, duration, status) values (71, 71, '2023-08-18 16:45:02', '2023-09-17 19:54:51', 1585, true);
insert into flight (id_flight, id_plane, departure_time, arrival_time, duration, status) values (72, 72, '2023-11-12 06:10:41', '2023-10-28 06:27:13', 2545, false);
insert into flight (id_flight, id_plane, departure_time, arrival_time, duration, status) values (73, 73, '2024-02-21 01:29:53', '2023-11-06 10:57:35', 1983, false);
insert into flight (id_flight, id_plane, departure_time, arrival_time, duration, status) values (74, 74, '2023-09-04 14:35:30', '2024-01-15 18:24:20', 2618, false);
insert into flight (id_flight, id_plane, departure_time, arrival_time, duration, status) values (75, 75, '2023-07-06 00:35:10', '2023-10-21 11:53:01', 978, false);
insert into flight (id_flight, id_plane, departure_time, arrival_time, duration, status) values (76, 76, '2023-12-12 22:14:08', '2024-03-14 19:35:31', 1583, false);
insert into flight (id_flight, id_plane, departure_time, arrival_time, duration, status) values (77, 77, '2024-01-31 12:32:55', '2023-12-31 12:23:29', 658, false);
insert into flight (id_flight, id_plane, departure_time, arrival_time, duration, status) values (78, 78, '2023-06-14 21:32:51', '2023-06-15 04:30:13', 1561, true);
insert into flight (id_flight, id_plane, departure_time, arrival_time, duration, status) values (79, 79, '2023-11-24 19:28:50', '2024-03-31 18:30:55', 1968, false);
insert into flight (id_flight, id_plane, departure_time, arrival_time, duration, status) values (80, 80, '2023-10-04 22:59:25', '2024-02-19 22:19:06', 729, true);
insert into flight (id_flight, id_plane, departure_time, arrival_time, duration, status) values (81, 81, '2023-11-02 12:01:15', '2024-01-07 17:48:49', 1600, true);
insert into flight (id_flight, id_plane, departure_time, arrival_time, duration, status) values (82, 82, '2024-02-04 03:55:43', '2024-02-18 15:05:18', 35, false);
insert into flight (id_flight, id_plane, departure_time, arrival_time, duration, status) values (83, 83, '2023-09-01 02:27:52', '2024-01-19 20:34:16', 994, false);
insert into flight (id_flight, id_plane, departure_time, arrival_time, duration, status) values (84, 84, '2024-02-06 15:47:06', '2024-04-12 18:48:32', 2072, false);
insert into flight (id_flight, id_plane, departure_time, arrival_time, duration, status) values (85, 85, '2024-04-06 04:13:50', '2023-08-02 19:05:15', 2882, true);
insert into flight (id_flight, id_plane, departure_time, arrival_time, duration, status) values (86, 86, '2023-05-26 22:56:33', '2023-11-08 16:47:32', 1238, true);
insert into flight (id_flight, id_plane, departure_time, arrival_time, duration, status) values (87, 87, '2023-09-25 23:12:05', '2023-07-11 07:09:38', 2683, true);
insert into flight (id_flight, id_plane, departure_time, arrival_time, duration, status) values (88, 88, '2023-08-31 02:04:21', '2023-09-21 03:43:55', 476, true);
insert into flight (id_flight, id_plane, departure_time, arrival_time, duration, status) values (89, 89, '2024-03-02 07:44:54', '2024-03-30 13:37:40', 284, false);
insert into flight (id_flight, id_plane, departure_time, arrival_time, duration, status) values (90, 90, '2024-02-24 11:50:12', '2023-12-05 07:45:33', 1892, true);
insert into flight (id_flight, id_plane, departure_time, arrival_time, duration, status) values (91, 91, '2023-07-19 16:00:59', '2023-12-12 08:52:46', 2799, true);
insert into flight (id_flight, id_plane, departure_time, arrival_time, duration, status) values (92, 92, '2023-12-10 08:19:47', '2024-03-27 12:32:57', 132, true);
insert into flight (id_flight, id_plane, departure_time, arrival_time, duration, status) values (93, 93, '2023-12-30 00:46:08', '2024-02-03 12:23:59', 12, false);
insert into flight (id_flight, id_plane, departure_time, arrival_time, duration, status) values (94, 94, '2023-12-09 07:12:07', '2023-11-23 19:11:22', 2300, false);
insert into flight (id_flight, id_plane, departure_time, arrival_time, duration, status) values (95, 95, '2024-02-14 02:34:41', '2023-10-27 15:32:17', 677, true);
insert into flight (id_flight, id_plane, departure_time, arrival_time, duration, status) values (96, 96, '2023-12-19 17:24:41', '2024-05-03 14:12:17', 439, true);
insert into flight (id_flight, id_plane, departure_time, arrival_time, duration, status) values (97, 97, '2023-11-27 08:44:30', '2024-03-03 04:20:58', 1155, true);
insert into flight (id_flight, id_plane, departure_time, arrival_time, duration, status) values (98, 98, '2024-02-15 13:26:22', '2023-07-11 19:29:42', 2129, false);
insert into flight (id_flight, id_plane, departure_time, arrival_time, duration, status) values (99, 99, '2023-10-31 08:40:38', '2023-12-11 21:21:47', 2654, true);
insert into flight (id_flight, id_plane, departure_time, arrival_time, duration, status) values (100, 100, '2023-09-02 13:43:34', '2023-09-18 08:59:01', 125, true);
select setval(pg_get_serial_sequence('flight','id_flight'),100);






INSERT INTO public.pilot_flight (id_employee, id_flight, position) VALUES (1, 1, 'Payment Adjustment Coordinator');
INSERT INTO public.pilot_flight (id_employee, id_flight, position) VALUES (2, 2, 'Tax Accountant');
INSERT INTO public.pilot_flight (id_employee, id_flight, position) VALUES (3, 3, 'VP Marketing');
INSERT INTO public.pilot_flight (id_employee, id_flight, position) VALUES (4, 4, 'Nurse');
INSERT INTO public.pilot_flight (id_employee, id_flight, position) VALUES (5, 5, 'Food Chemist');
INSERT INTO public.pilot_flight (id_employee, id_flight, position) VALUES (6, 6, 'Teacher');
INSERT INTO public.pilot_flight (id_employee, id_flight, position) VALUES (7, 7, 'Actuary');
INSERT INTO public.pilot_flight (id_employee, id_flight, position) VALUES (8, 8, 'Pharmacist');
INSERT INTO public.pilot_flight (id_employee, id_flight, position) VALUES (9, 9, 'Engineer II');
INSERT INTO public.pilot_flight (id_employee, id_flight, position) VALUES (10, 10, 'Mechanical Systems Engineer');
INSERT INTO public.pilot_flight (id_employee, id_flight, position) VALUES (11, 11, 'Financial Advisor');
INSERT INTO public.pilot_flight (id_employee, id_flight, position) VALUES (12, 12, 'Software Consultant');
INSERT INTO public.pilot_flight (id_employee, id_flight, position) VALUES (13, 13, 'Compensation Analyst');
INSERT INTO public.pilot_flight (id_employee, id_flight, position) VALUES (14, 14, 'Account Executive');
INSERT INTO public.pilot_flight (id_employee, id_flight, position) VALUES (15, 15, 'Marketing Assistant');
INSERT INTO public.pilot_flight (id_employee, id_flight, position) VALUES (16, 16, 'Operator');
INSERT INTO public.pilot_flight (id_employee, id_flight, position) VALUES (17, 17, 'Staff Accountant II');
INSERT INTO public.pilot_flight (id_employee, id_flight, position) VALUES (18, 18, 'VP Sales');
INSERT INTO public.pilot_flight (id_employee, id_flight, position) VALUES (19, 19, 'Media Manager II');
INSERT INTO public.pilot_flight (id_employee, id_flight, position) VALUES (20, 20, 'Senior Editor');
INSERT INTO public.pilot_flight (id_employee, id_flight, position) VALUES (21, 21, 'Chemical Engineer');
INSERT INTO public.pilot_flight (id_employee, id_flight, position) VALUES (22, 22, 'Chemical Engineer');
INSERT INTO public.pilot_flight (id_employee, id_flight, position) VALUES (23, 23, 'Statistician II');
INSERT INTO public.pilot_flight (id_employee, id_flight, position) VALUES (24, 24, 'Data Coordinator');
INSERT INTO public.pilot_flight (id_employee, id_flight, position) VALUES (25, 25, 'Teacher');
INSERT INTO public.pilot_flight (id_employee, id_flight, position) VALUES (26, 26, 'Payment Adjustment Coordinator');
INSERT INTO public.pilot_flight (id_employee, id_flight, position) VALUES (27, 27, 'Data Coordinator');
INSERT INTO public.pilot_flight (id_employee, id_flight, position) VALUES (28, 28, 'Dental Hygienist');
INSERT INTO public.pilot_flight (id_employee, id_flight, position) VALUES (29, 29, 'Sales Representative');
INSERT INTO public.pilot_flight (id_employee, id_flight, position) VALUES (30, 30, 'Information Systems Manager');




insert into stewardess_flight (id_employee, id_flight, feedback, service_date) values (1, 1, 67, '3/23/2007');
insert into stewardess_flight (id_employee, id_flight, feedback, service_date) values (2, 2, 50, '7/13/2022');
insert into stewardess_flight (id_employee, id_flight, feedback, service_date) values (3, 3, 100, '9/23/2005');
insert into stewardess_flight (id_employee, id_flight, feedback, service_date) values (4, 4, 59, '1/14/2011');
insert into stewardess_flight (id_employee, id_flight, feedback, service_date) values (5, 5, 28, '2/18/2001');
insert into stewardess_flight (id_employee, id_flight, feedback, service_date) values (6, 6, 75, '7/22/2000');
insert into stewardess_flight (id_employee, id_flight, feedback, service_date) values (7, 7, 43, '9/5/2010');
insert into stewardess_flight (id_employee, id_flight, feedback, service_date) values (8, 8, 89, '3/12/2012');
insert into stewardess_flight (id_employee, id_flight, feedback, service_date) values (9, 9, 15, '8/27/2000');
insert into stewardess_flight (id_employee, id_flight, feedback, service_date) values (10, 10, 56, '6/6/2005');
insert into stewardess_flight (id_employee, id_flight, feedback, service_date) values (11, 11, 45, '1/24/2006');
insert into stewardess_flight (id_employee, id_flight, feedback, service_date) values (12, 12, 19, '3/26/2003');
insert into stewardess_flight (id_employee, id_flight, feedback, service_date) values (13, 13, 43, '8/25/2022');
insert into stewardess_flight (id_employee, id_flight, feedback, service_date) values (14, 14, 43, '10/28/2018');
insert into stewardess_flight (id_employee, id_flight, feedback, service_date) values (15, 15, 91, '10/29/2011');
insert into stewardess_flight (id_employee, id_flight, feedback, service_date) values (16, 16, 64, '2/7/2023');
insert into stewardess_flight (id_employee, id_flight, feedback, service_date) values (17, 17, 19, '10/20/2005');
insert into stewardess_flight (id_employee, id_flight, feedback, service_date) values (18, 18, 77, '11/27/2015');
insert into stewardess_flight (id_employee, id_flight, feedback, service_date) values (19, 19, 8, '8/14/2004');
insert into stewardess_flight (id_employee, id_flight, feedback, service_date) values (20, 20, 29, '2/8/2020');
insert into stewardess_flight (id_employee, id_flight, feedback, service_date) values (21, 21, 65, '5/6/2012');
insert into stewardess_flight (id_employee, id_flight, feedback, service_date) values (22, 22, 96, '5/25/2005');
insert into stewardess_flight (id_employee, id_flight, feedback, service_date) values (23, 23, 58, '1/31/2014');
insert into stewardess_flight (id_employee, id_flight, feedback, service_date) values (24, 24, 30, '5/21/2006');
insert into stewardess_flight (id_employee, id_flight, feedback, service_date) values (25, 25, 14, '6/20/2013');
insert into stewardess_flight (id_employee, id_flight, feedback, service_date) values (26, 26, 23, '5/27/2021');
insert into stewardess_flight (id_employee, id_flight, feedback, service_date) values (27, 27, 6, '4/30/2018');
insert into stewardess_flight (id_employee, id_flight, feedback, service_date) values (28, 28, 98, '10/11/2003');
insert into stewardess_flight (id_employee, id_flight, feedback, service_date) values (29, 29, 31, '12/23/2009');
insert into stewardess_flight (id_employee, id_flight, feedback, service_date) values (30, 30, 72, '10/4/2002');




insert into ticket (id_ticket, id_passenger, id_flight, seat_number, class, price) values (2, 2, 2, 335, 1, 8747);
insert into ticket (id_ticket, id_passenger, id_flight, seat_number, class, price) values (3, 3, 3, 903, 1, 4089);
insert into ticket (id_ticket, id_passenger, id_flight, seat_number, class, price) values (4, 4, 4, 901, 1, 5992);
insert into ticket (id_ticket, id_passenger, id_flight, seat_number, class, price) values (5, 5, 5, 70, 1, 5358);
insert into ticket (id_ticket, id_passenger, id_flight, seat_number, class, price) values (6, 6, 6, 216, 2, 8171);
insert into ticket (id_ticket, id_passenger, id_flight, seat_number, class, price) values (7, 7, 7, 709, 2, 9612);
insert into ticket (id_ticket, id_passenger, id_flight, seat_number, class, price) values (8, 8, 8, 844, 2, 4068);
insert into ticket (id_ticket, id_passenger, id_flight, seat_number, class, price) values (9, 9, 9, 716, 2, 7310);
insert into ticket (id_ticket, id_passenger, id_flight, seat_number, class, price) values (10, 10, 10, 113, 1, 3772);
insert into ticket (id_ticket, id_passenger, id_flight, seat_number, class, price) values (11, 11, 11, 128, 2, 9127);
insert into ticket (id_ticket, id_passenger, id_flight, seat_number, class, price) values (12, 12, 12, 436, 2, 9887);
insert into ticket (id_ticket, id_passenger, id_flight, seat_number, class, price) values (13, 13, 13, 711, 2, 9561);
insert into ticket (id_ticket, id_passenger, id_flight, seat_number, class, price) values (14, 14, 14, 211, 2, 8541);
insert into ticket (id_ticket, id_passenger, id_flight, seat_number, class, price) values (15, 15, 15, 332, 2, 6345);
insert into ticket (id_ticket, id_passenger, id_flight, seat_number, class, price) values (16, 16, 16, 542, 1, 6753);
insert into ticket (id_ticket, id_passenger, id_flight, seat_number, class, price) values (17, 17, 17, 924, 2, 9318);
insert into ticket (id_ticket, id_passenger, id_flight, seat_number, class, price) values (18, 18, 18, 58, 1, 2421);
insert into ticket (id_ticket, id_passenger, id_flight, seat_number, class, price) values (19, 19, 19, 491, 1, 5896);
insert into ticket (id_ticket, id_passenger, id_flight, seat_number, class, price) values (20, 20, 20, 238, 2, 2707);
insert into ticket (id_ticket, id_passenger, id_flight, seat_number, class, price) values (21, 21, 21, 803, 1, 6238);
insert into ticket (id_ticket, id_passenger, id_flight, seat_number, class, price) values (22, 22, 22, 530, 1, 5845);
insert into ticket (id_ticket, id_passenger, id_flight, seat_number, class, price) values (23, 23, 23, 885, 2, 4220);
insert into ticket (id_ticket, id_passenger, id_flight, seat_number, class, price) values (24, 24, 24, 151, 2, 8974);
insert into ticket (id_ticket, id_passenger, id_flight, seat_number, class, price) values (25, 25, 25, 886, 2, 7031);
insert into ticket (id_ticket, id_passenger, id_flight, seat_number, class, price) values (26, 26, 26, 105, 2, 9147);
insert into ticket (id_ticket, id_passenger, id_flight, seat_number, class, price) values (27, 27, 27, 72, 1, 4845);
insert into ticket (id_ticket, id_passenger, id_flight, seat_number, class, price) values (28, 28, 28, 570, 2, 4106);
insert into ticket (id_ticket, id_passenger, id_flight, seat_number, class, price) values (29, 29, 29, 556, 1, 335);
insert into ticket (id_ticket, id_passenger, id_flight, seat_number, class, price) values (30, 30, 30, 572, 2, 9920);
insert into ticket (id_ticket, id_passenger, id_flight, seat_number, class, price) values (1, 1, 1, 742, 2, 732);
insert into ticket (id_ticket, id_passenger, id_flight, seat_number, class, price) values (31, 1, 2, 341, 2, 4787);
insert into ticket (id_ticket, id_passenger, id_flight, seat_number, class, price) values (32, 1, 3, 496, 2, 7818);
insert into ticket (id_ticket, id_passenger, id_flight, seat_number, class, price) values (33, 1, 4, 553, 1, 6370);
insert into ticket (id_ticket, id_passenger, id_flight, seat_number, class, price) values (34, 1, 5, 581, 1, 4647);
insert into ticket (id_ticket, id_passenger, id_flight, seat_number, class, price) values (35, 1, 6, 212, 1, 7356);
insert into ticket (id_ticket, id_passenger, id_flight, seat_number, class, price) values (36, 1, 7, 894, 1, 2672);
insert into ticket (id_ticket, id_passenger, id_flight, seat_number, class, price) values (37, 1, 8, 518, 1, 1241);
insert into ticket (id_ticket, id_passenger, id_flight, seat_number, class, price) values (38, 1, 9, 499, 1, 8460);
insert into ticket (id_ticket, id_passenger, id_flight, seat_number, class, price) values (39, 1, 10, 169, 1, 8758);
insert into ticket (id_ticket, id_passenger, id_flight, seat_number, class, price) values (40, 1, 11, 644, 2, 3917);
insert into ticket (id_ticket, id_passenger, id_flight, seat_number, class, price) values (41, 1, 12, 898, 1, 7623);
insert into ticket (id_ticket, id_passenger, id_flight, seat_number, class, price) values (42, 1, 13, 890, 1, 5431);
insert into ticket (id_ticket, id_passenger, id_flight, seat_number, class, price) values (43, 1, 14, 235, 2, 919);
insert into ticket (id_ticket, id_passenger, id_flight, seat_number, class, price) values (44, 1, 15, 340, 1, 5218);
insert into ticket (id_ticket, id_passenger, id_flight, seat_number, class, price) values (45, 1, 16, 393, 2, 8052);
insert into ticket (id_ticket, id_passenger, id_flight, seat_number, class, price) values (46, 1, 17, 586, 2, 7694);
insert into ticket (id_ticket, id_passenger, id_flight, seat_number, class, price) values (47, 1, 18, 486, 2, 760);
insert into ticket (id_ticket, id_passenger, id_flight, seat_number, class, price) values (48, 1, 19, 702, 1, 2836);
insert into ticket (id_ticket, id_passenger, id_flight, seat_number, class, price) values (49, 1, 20, 782, 2, 9227);
insert into ticket (id_ticket, id_passenger, id_flight, seat_number, class, price) values (50, 1, 21, 451, 1, 6485);
insert into ticket (id_ticket, id_passenger, id_flight, seat_number, class, price) values (51, 1, 22, 194, 1, 3269);
insert into ticket (id_ticket, id_passenger, id_flight, seat_number, class, price) values (52, 1, 23, 658, 1, 3412);
insert into ticket (id_ticket, id_passenger, id_flight, seat_number, class, price) values (53, 1, 24, 726, 1, 1519);
insert into ticket (id_ticket, id_passenger, id_flight, seat_number, class, price) values (54, 1, 25, 35, 1, 2643);
insert into ticket (id_ticket, id_passenger, id_flight, seat_number, class, price) values (55, 1, 26, 725, 2, 1496);
insert into ticket (id_ticket, id_passenger, id_flight, seat_number, class, price) values (56, 1, 27, 96, 2, 3461);
insert into ticket (id_ticket, id_passenger, id_flight, seat_number, class, price) values (57, 1, 28, 471, 1, 7682);
insert into ticket (id_ticket, id_passenger, id_flight, seat_number, class, price) values (58, 1, 29, 327, 2, 8498);
insert into ticket (id_ticket, id_passenger, id_flight, seat_number, class, price) values (59, 1, 30, 202, 1, 6492);
insert into ticket (id_ticket, id_passenger, id_flight, seat_number, class, price) values (60, 1, 31, 341, 2, 4787);
insert into ticket (id_ticket, id_passenger, id_flight, seat_number, class, price) values (61, 1, 32, 496, 2, 7818);
insert into ticket (id_ticket, id_passenger, id_flight, seat_number, class, price) values (62, 1, 33, 553, 1, 6370);
insert into ticket (id_ticket, id_passenger, id_flight, seat_number, class, price) values (63, 1, 34, 581, 1, 4647);
insert into ticket (id_ticket, id_passenger, id_flight, seat_number, class, price) values (64, 1, 35, 212, 1, 7356);
insert into ticket (id_ticket, id_passenger, id_flight, seat_number, class, price) values (65, 1, 36, 894, 1, 2672);
insert into ticket (id_ticket, id_passenger, id_flight, seat_number, class, price) values (66, 1, 37, 518, 1, 1241);
insert into ticket (id_ticket, id_passenger, id_flight, seat_number, class, price) values (67, 1, 38, 499, 1, 8460);
insert into ticket (id_ticket, id_passenger, id_flight, seat_number, class, price) values (68, 1, 39, 169, 1, 8758);
insert into ticket (id_ticket, id_passenger, id_flight, seat_number, class, price) values (69, 1, 40, 644, 2, 3917);
insert into ticket (id_ticket, id_passenger, id_flight, seat_number, class, price) values (70, 1, 41, 898, 1, 7623);
insert into ticket (id_ticket, id_passenger, id_flight, seat_number, class, price) values (71, 1, 42, 890, 1, 5431);
insert into ticket (id_ticket, id_passenger, id_flight, seat_number, class, price) values (72, 1, 43, 235, 2, 919);
insert into ticket (id_ticket, id_passenger, id_flight, seat_number, class, price) values (73, 1, 44, 340, 1, 5218);
insert into ticket (id_ticket, id_passenger, id_flight, seat_number, class, price) values (74, 1, 45, 393, 2, 8052);
insert into ticket (id_ticket, id_passenger, id_flight, seat_number, class, price) values (75, 1, 46, 586, 2, 7694);
insert into ticket (id_ticket, id_passenger, id_flight, seat_number, class, price) values (76, 1, 47, 486, 2, 760);
insert into ticket (id_ticket, id_passenger, id_flight, seat_number, class, price) values (77, 1, 48, 702, 1, 2836);
insert into ticket (id_ticket, id_passenger, id_flight, seat_number, class, price) values (78, 1, 49, 782, 2, 9227);
insert into ticket (id_ticket, id_passenger, id_flight, seat_number, class, price) values (79, 1, 50, 451, 1, 6485);
insert into ticket (id_ticket, id_passenger, id_flight, seat_number, class, price) values (80, 1, 51, 194, 1, 3269);
insert into ticket (id_ticket, id_passenger, id_flight, seat_number, class, price) values (81, 1, 52, 658, 1, 3412);
insert into ticket (id_ticket, id_passenger, id_flight, seat_number, class, price) values (82, 1, 53, 726, 1, 1519);
insert into ticket (id_ticket, id_passenger, id_flight, seat_number, class, price) values (83, 1, 54, 35, 1, 2643);
insert into ticket (id_ticket, id_passenger, id_flight, seat_number, class, price) values (84, 1, 55, 725, 2, 1496);
insert into ticket (id_ticket, id_passenger, id_flight, seat_number, class, price) values (85, 1, 56, 96, 2, 3461);
insert into ticket (id_ticket, id_passenger, id_flight, seat_number, class, price) values (86, 1, 57, 471, 1, 7682);
insert into ticket (id_ticket, id_passenger, id_flight, seat_number, class, price) values (87, 1, 58, 327, 2, 8498);
insert into ticket (id_ticket, id_passenger, id_flight, seat_number, class, price) values (88, 1, 59, 202, 1, 6492);
insert into ticket (id_ticket, id_passenger, id_flight, seat_number, class, price) values (89, 1, 60, 451, 1, 6485);
insert into ticket (id_ticket, id_passenger, id_flight, seat_number, class, price) values (90, 1, 61, 194, 1, 3269);
insert into ticket (id_ticket, id_passenger, id_flight, seat_number, class, price) values (91, 1, 62, 658, 1, 3412);
insert into ticket (id_ticket, id_passenger, id_flight, seat_number, class, price) values (92, 1, 63, 726, 1, 1519);
insert into ticket (id_ticket, id_passenger, id_flight, seat_number, class, price) values (93, 1, 64, 35, 1, 2643);
insert into ticket (id_ticket, id_passenger, id_flight, seat_number, class, price) values (94, 1, 65, 725, 2, 1496);
insert into ticket (id_ticket, id_passenger, id_flight, seat_number, class, price) values (95, 1, 66, 96, 2, 3461);
insert into ticket (id_ticket, id_passenger, id_flight, seat_number, class, price) values (96, 1, 67, 471, 1, 7682);
insert into ticket (id_ticket, id_passenger, id_flight, seat_number, class, price) values (97, 1, 68, 327, 2, 8498);
insert into ticket (id_ticket, id_passenger, id_flight, seat_number, class, price) values (98, 1, 69, 202, 1, 6492);
insert into ticket (id_ticket, id_passenger, id_flight, seat_number, class, price) values (99, 1, 70, 327, 2, 8498);
insert into ticket (id_ticket, id_passenger, id_flight, seat_number, class, price) values (100, 1, 71, 202, 1, 6492);
insert into ticket (id_ticket, id_passenger, id_flight, seat_number, class, price) values (101, 1, 72, 327, 2, 8498);
insert into ticket (id_ticket, id_passenger, id_flight, seat_number, class, price) values (102, 1, 73, 202, 1, 6492);
insert into ticket (id_ticket, id_passenger, id_flight, seat_number, class, price) values (103, 1, 74, 327, 2, 8498);
insert into ticket (id_ticket, id_passenger, id_flight, seat_number, class, price) values (104, 1, 75, 202, 1, 6492);
insert into ticket (id_ticket, id_passenger, id_flight, seat_number, class, price) values (105, 1, 76, 327, 2, 8498);
insert into ticket (id_ticket, id_passenger, id_flight, seat_number, class, price) values (106, 1, 77, 202, 1, 6492);
insert into ticket (id_ticket, id_passenger, id_flight, seat_number, class, price) values (107, 1, 78, 327, 2, 8498);
insert into ticket (id_ticket, id_passenger, id_flight, seat_number, class, price) values (108, 1, 79, 202, 1, 6492);
insert into ticket (id_ticket, id_passenger, id_flight, seat_number, class, price) values (109, 1, 80, 327, 2, 8498);
insert into ticket (id_ticket, id_passenger, id_flight, seat_number, class, price) values (110, 1, 81, 202, 1, 6492);
insert into ticket (id_ticket, id_passenger, id_flight, seat_number, class, price) values (111, 1, 82, 327, 2, 8498);
insert into ticket (id_ticket, id_passenger, id_flight, seat_number, class, price) values (112, 1, 83, 202, 1, 6492);
insert into ticket (id_ticket, id_passenger, id_flight, seat_number, class, price) values (113, 1, 84, 327, 2, 8498);
insert into ticket (id_ticket, id_passenger, id_flight, seat_number, class, price) values (114, 1, 85, 202, 1, 6492);
insert into ticket (id_ticket, id_passenger, id_flight, seat_number, class, price) values (115, 1, 86, 327, 2, 8498);
insert into ticket (id_ticket, id_passenger, id_flight, seat_number, class, price) values (116, 1, 87, 202, 1, 6492);
insert into ticket (id_ticket, id_passenger, id_flight, seat_number, class, price) values (117, 1, 88, 327, 2, 8498);
insert into ticket (id_ticket, id_passenger, id_flight, seat_number, class, price) values (118, 1, 89, 202, 1, 6492);
insert into ticket (id_ticket, id_passenger, id_flight, seat_number, class, price) values (119, 1, 90, 327, 2, 8498);
insert into ticket (id_ticket, id_passenger, id_flight, seat_number, class, price) values (120, 1, 91, 202, 1, 6492);
insert into ticket (id_ticket, id_passenger, id_flight, seat_number, class, price) values (121, 1, 92, 327, 2, 8498);
insert into ticket (id_ticket, id_passenger, id_flight, seat_number, class, price) values (122, 1, 93, 202, 1, 6492);
insert into ticket (id_ticket, id_passenger, id_flight, seat_number, class, price) values (123, 1, 94, 327, 2, 8498);
insert into ticket (id_ticket, id_passenger, id_flight, seat_number, class, price) values (124, 1, 95, 202, 1, 6492);
insert into ticket (id_ticket, id_passenger, id_flight, seat_number, class, price) values (125, 1, 96, 327, 2, 8498);
insert into ticket (id_ticket, id_passenger, id_flight, seat_number, class, price) values (126, 1, 97, 202, 1, 6492);
insert into ticket (id_ticket, id_passenger, id_flight, seat_number, class, price) values (127, 1, 98, 327, 2, 8498);
insert into ticket (id_ticket, id_passenger, id_flight, seat_number, class, price) values (128, 1, 99, 202, 1, 6492);
insert into ticket (id_ticket, id_passenger, id_flight, seat_number, class, price) values (129, 1, 100, 327, 2, 8498);
insert into ticket (id_ticket, id_passenger, id_flight, seat_number, class, price) values (130, 1, 71, 202, 1, 6492);
select setval(pg_get_serial_sequence('ticket','id_ticket'),130);



insert into baggage (id_baggage, id_ticket, weight, height, status, luggage_type) values (1, 1, 35, 23, false, 'S');
insert into baggage (id_baggage, id_ticket, weight, height, status, luggage_type) values (2, 2, 7, 71, false, 'M');
insert into baggage (id_baggage, id_ticket, weight, height, status, luggage_type) values (3, 3, 14, 82, true, 'M');
insert into baggage (id_baggage, id_ticket, weight, height, status, luggage_type) values (4, 4, 72, 9, true, 'S');
insert into baggage (id_baggage, id_ticket, weight, height, status, luggage_type) values (5, 5, 28, 41, false, '2XL');
insert into baggage (id_baggage, id_ticket, weight, height, status, luggage_type) values (6, 6, 47, 19, true, 'XS');
insert into baggage (id_baggage, id_ticket, weight, height, status, luggage_type) values (7, 7, 37, 24, false, 'S');
insert into baggage (id_baggage, id_ticket, weight, height, status, luggage_type) values (8, 8, 89, 22, true, 'XL');
insert into baggage (id_baggage, id_ticket, weight, height, status, luggage_type) values (9, 9, 35, 76, true, 'XL');
insert into baggage (id_baggage, id_ticket, weight, height, status, luggage_type) values (10, 10, 75, 67, true, 'L');
insert into baggage (id_baggage, id_ticket, weight, height, status, luggage_type) values (11, 11, 23, 64, false, 'L');
insert into baggage (id_baggage, id_ticket, weight, height, status, luggage_type) values (12, 12, 27, 85, false, 'M');
insert into baggage (id_baggage, id_ticket, weight, height, status, luggage_type) values (13, 13, 26, 69, true, 'XS');
insert into baggage (id_baggage, id_ticket, weight, height, status, luggage_type) values (14, 14, 25, 61, true, '3XL');
insert into baggage (id_baggage, id_ticket, weight, height, status, luggage_type) values (15, 15, 54, 87, true, 'XL');
insert into baggage (id_baggage, id_ticket, weight, height, status, luggage_type) values (16, 16, 42, 52, false, '2XL');
insert into baggage (id_baggage, id_ticket, weight, height, status, luggage_type) values (17, 17, 48, 95, false, 'L');
insert into baggage (id_baggage, id_ticket, weight, height, status, luggage_type) values (18, 18, 68, 91, false, 'S');
insert into baggage (id_baggage, id_ticket, weight, height, status, luggage_type) values (19, 19, 11, 49, true, 'M');
insert into baggage (id_baggage, id_ticket, weight, height, status, luggage_type) values (20, 20, 76, 54, false, 'XL');
insert into baggage (id_baggage, id_ticket, weight, height, status, luggage_type) values (21, 21, 35, 74, false, 'M');
insert into baggage (id_baggage, id_ticket, weight, height, status, luggage_type) values (22, 22, 97, 48, false, 'XS');
insert into baggage (id_baggage, id_ticket, weight, height, status, luggage_type) values (23, 23, 63, 28, true, '3XL');
insert into baggage (id_baggage, id_ticket, weight, height, status, luggage_type) values (24, 24, 30, 1, true, 'M');
insert into baggage (id_baggage, id_ticket, weight, height, status, luggage_type) values (25, 25, 47, 73, false, 'M');
insert into baggage (id_baggage, id_ticket, weight, height, status, luggage_type) values (26, 26, 88, 24, true, 'M');
insert into baggage (id_baggage, id_ticket, weight, height, status, luggage_type) values (27, 27, 39, 17, true, 'M');
insert into baggage (id_baggage, id_ticket, weight, height, status, luggage_type) values (28, 28, 36, 6, false, 'M');
insert into baggage (id_baggage, id_ticket, weight, height, status, luggage_type) values (29, 29, 79, 22, true, 'XL');
insert into baggage (id_baggage, id_ticket, weight, height, status, luggage_type) values (30, 30, 61, 12, true, 'M');


